Name,Title,Class,Source,Extensions
objective,Active target objective summary,ca.spatial.patchworks.ShortageReport,Target table,html;csv
shortage,Active target shortage summary,ca.spatial.patchworks.ShortageReport,Target table,html;csv
feature_Area_managed,Targets for feature.Area.managed,ca.spatial.reportwriter.TargetLimitReport,Target table,html;csv;png
feature_Area_og1_CWHvm_CW_HW_M,Targets for feature.Area.og1.CWHvm_CW_HW_M,ca.spatial.reportwriter.TargetLimitReport,Target table,html;csv;png
feature_Area_og1_CWHvm_CW_PLC_M,Targets for feature.Area.og1.CWHvm_CW_PLC_M,ca.spatial.reportwriter.TargetLimitReport,Target table,html;csv;png
feature_Area_og1_CWHvm_CW_YC_M,Targets for feature.Area.og1.CWHvm_CW_YC_M,ca.spatial.reportwriter.TargetLimitReport,Target table,html;csv;png
feature_Area_og1_CWHvm_DR_HW_M,Targets for feature.Area.og1.CWHvm_DR_HW_M,ca.spatial.reportwriter.TargetLimitReport,Target table,html;csv;png
feature_Area_og1_CWHvm_FDC_HW_H,Targets for feature.Area.og1.CWHvm_FDC_HW_H,ca.spatial.reportwriter.TargetLimitReport,Target table,html;csv;png
feature_Area_og1_CWHvm_FDC_HW_L,Targets for feature.Area.og1.CWHvm_FDC_HW_L,ca.spatial.reportwriter.TargetLimitReport,Target table,html;csv;png
feature_Area_og1_CWHvm_FDC_HW_M,Targets for feature.Area.og1.CWHvm_FDC_HW_M,ca.spatial.reportwriter.TargetLimitReport,Target table,html;csv;png
feature_Area_og1_CWHvm_HW_BA_M,Targets for feature.Area.og1.CWHvm_HW_BA_M,ca.spatial.reportwriter.TargetLimitReport,Target table,html;csv;png
feature_Area_og1_CWHvm_HW_CW_H,Targets for feature.Area.og1.CWHvm_HW_CW_H,ca.spatial.reportwriter.TargetLimitReport,Target table,html;csv;png
feature_Area_og1_CWHvm_HW_CW_L,Targets for feature.Area.og1.CWHvm_HW_CW_L,ca.spatial.reportwriter.TargetLimitReport,Target table,html;csv;png
feature_Area_og1_CWHvm_HW_CW_M,Targets for feature.Area.og1.CWHvm_HW_CW_M,ca.spatial.reportwriter.TargetLimitReport,Target table,html;csv;png
feature_Area_og1_CWHvm_HW_FDC_H,Targets for feature.Area.og1.CWHvm_HW_FDC_H,ca.spatial.reportwriter.TargetLimitReport,Target table,html;csv;png
feature_Area_og1_CWHvm_HW_FDC_L,Targets for feature.Area.og1.CWHvm_HW_FDC_L,ca.spatial.reportwriter.TargetLimitReport,Target table,html;csv;png
feature_Area_og1_CWHvm_HW_SS_M,Targets for feature.Area.og1.CWHvm_HW_SS_M,ca.spatial.reportwriter.TargetLimitReport,Target table,html;csv;png
feature_Area_og1_total,Targets for feature.Area.og1.total,ca.spatial.reportwriter.TargetLimitReport,Target table,html;csv;png
feature_Area_og2_CWHvm_CW_HW_M,Targets for feature.Area.og2.CWHvm_CW_HW_M,ca.spatial.reportwriter.TargetLimitReport,Target table,html;csv;png
feature_Area_og2_CWHvm_CW_PLC_M,Targets for feature.Area.og2.CWHvm_CW_PLC_M,ca.spatial.reportwriter.TargetLimitReport,Target table,html;csv;png
feature_Area_og2_CWHvm_CW_YC_M,Targets for feature.Area.og2.CWHvm_CW_YC_M,ca.spatial.reportwriter.TargetLimitReport,Target table,html;csv;png
feature_Area_og2_CWHvm_DR_HW_M,Targets for feature.Area.og2.CWHvm_DR_HW_M,ca.spatial.reportwriter.TargetLimitReport,Target table,html;csv;png
feature_Area_og2_CWHvm_FDC_HW_H,Targets for feature.Area.og2.CWHvm_FDC_HW_H,ca.spatial.reportwriter.TargetLimitReport,Target table,html;csv;png
feature_Area_og2_CWHvm_FDC_HW_L,Targets for feature.Area.og2.CWHvm_FDC_HW_L,ca.spatial.reportwriter.TargetLimitReport,Target table,html;csv;png
feature_Area_og2_CWHvm_FDC_HW_M,Targets for feature.Area.og2.CWHvm_FDC_HW_M,ca.spatial.reportwriter.TargetLimitReport,Target table,html;csv;png
feature_Area_og2_CWHvm_HW_BA_M,Targets for feature.Area.og2.CWHvm_HW_BA_M,ca.spatial.reportwriter.TargetLimitReport,Target table,html;csv;png
feature_Area_og2_CWHvm_HW_CW_H,Targets for feature.Area.og2.CWHvm_HW_CW_H,ca.spatial.reportwriter.TargetLimitReport,Target table,html;csv;png
feature_Area_og2_CWHvm_HW_CW_L,Targets for feature.Area.og2.CWHvm_HW_CW_L,ca.spatial.reportwriter.TargetLimitReport,Target table,html;csv;png
feature_Area_og2_CWHvm_HW_CW_M,Targets for feature.Area.og2.CWHvm_HW_CW_M,ca.spatial.reportwriter.TargetLimitReport,Target table,html;csv;png
feature_Area_og2_CWHvm_HW_FDC_H,Targets for feature.Area.og2.CWHvm_HW_FDC_H,ca.spatial.reportwriter.TargetLimitReport,Target table,html;csv;png
feature_Area_og2_CWHvm_HW_FDC_L,Targets for feature.Area.og2.CWHvm_HW_FDC_L,ca.spatial.reportwriter.TargetLimitReport,Target table,html;csv;png
feature_Area_og2_CWHvm_HW_SS_M,Targets for feature.Area.og2.CWHvm_HW_SS_M,ca.spatial.reportwriter.TargetLimitReport,Target table,html;csv;png
feature_Area_og2_existing,Targets for feature.Area.og2.existing,ca.spatial.reportwriter.TargetLimitReport,Target table,html;csv;png
feature_Area_og2_percent,Targets for feature.Area.og2.percent,ca.spatial.reportwriter.TargetLimitReport,Target table,html;csv;png
feature_Area_og2_total,Targets for feature.Area.og2.total,ca.spatial.reportwriter.TargetLimitReport,Target table,html;csv;png
feature_Area_unmanaged,Targets for feature.Area.unmanaged,ca.spatial.reportwriter.TargetLimitReport,Target table,html;csv;png
feature_Height_managed_CWHvm_CW_HW_M,Targets for feature.Height.managed.CWHvm_CW_HW_M,ca.spatial.reportwriter.TargetLimitReport,Target table,html;csv;png
feature_Height_managed_CWHvm_CW_PLC_M,Targets for feature.Height.managed.CWHvm_CW_PLC_M,ca.spatial.reportwriter.TargetLimitReport,Target table,html;csv;png
feature_Height_managed_CWHvm_CW_YC_M,Targets for feature.Height.managed.CWHvm_CW_YC_M,ca.spatial.reportwriter.TargetLimitReport,Target table,html;csv;png
feature_Height_managed_CWHvm_DR_HW_M,Targets for feature.Height.managed.CWHvm_DR_HW_M,ca.spatial.reportwriter.TargetLimitReport,Target table,html;csv;png
feature_Height_managed_CWHvm_FDC_HW_H,Targets for feature.Height.managed.CWHvm_FDC_HW_H,ca.spatial.reportwriter.TargetLimitReport,Target table,html;csv;png
feature_Height_managed_CWHvm_FDC_HW_L,Targets for feature.Height.managed.CWHvm_FDC_HW_L,ca.spatial.reportwriter.TargetLimitReport,Target table,html;csv;png
feature_Height_managed_CWHvm_FDC_HW_M,Targets for feature.Height.managed.CWHvm_FDC_HW_M,ca.spatial.reportwriter.TargetLimitReport,Target table,html;csv;png
feature_Height_managed_CWHvm_HW_BA_M,Targets for feature.Height.managed.CWHvm_HW_BA_M,ca.spatial.reportwriter.TargetLimitReport,Target table,html;csv;png
feature_Height_managed_CWHvm_HW_CW_H,Targets for feature.Height.managed.CWHvm_HW_CW_H,ca.spatial.reportwriter.TargetLimitReport,Target table,html;csv;png
feature_Height_managed_CWHvm_HW_CW_L,Targets for feature.Height.managed.CWHvm_HW_CW_L,ca.spatial.reportwriter.TargetLimitReport,Target table,html;csv;png
feature_Height_managed_CWHvm_HW_CW_M,Targets for feature.Height.managed.CWHvm_HW_CW_M,ca.spatial.reportwriter.TargetLimitReport,Target table,html;csv;png
feature_Height_managed_CWHvm_HW_FDC_H,Targets for feature.Height.managed.CWHvm_HW_FDC_H,ca.spatial.reportwriter.TargetLimitReport,Target table,html;csv;png
feature_Height_managed_CWHvm_HW_FDC_L,Targets for feature.Height.managed.CWHvm_HW_FDC_L,ca.spatial.reportwriter.TargetLimitReport,Target table,html;csv;png
feature_Height_managed_CWHvm_HW_SS_M,Targets for feature.Height.managed.CWHvm_HW_SS_M,ca.spatial.reportwriter.TargetLimitReport,Target table,html;csv;png
feature_Height_unmanaged_CWHvm_CW_HW_M,Targets for feature.Height.unmanaged.CWHvm_CW_HW_M,ca.spatial.reportwriter.TargetLimitReport,Target table,html;csv;png
feature_Height_unmanaged_CWHvm_CW_PLC_M,Targets for feature.Height.unmanaged.CWHvm_CW_PLC_M,ca.spatial.reportwriter.TargetLimitReport,Target table,html;csv;png
feature_Height_unmanaged_CWHvm_CW_YC_M,Targets for feature.Height.unmanaged.CWHvm_CW_YC_M,ca.spatial.reportwriter.TargetLimitReport,Target table,html;csv;png
feature_Height_unmanaged_CWHvm_DR_HW_M,Targets for feature.Height.unmanaged.CWHvm_DR_HW_M,ca.spatial.reportwriter.TargetLimitReport,Target table,html;csv;png
feature_Height_unmanaged_CWHvm_FDC_HW_H,Targets for feature.Height.unmanaged.CWHvm_FDC_HW_H,ca.spatial.reportwriter.TargetLimitReport,Target table,html;csv;png
feature_Height_unmanaged_CWHvm_FDC_HW_L,Targets for feature.Height.unmanaged.CWHvm_FDC_HW_L,ca.spatial.reportwriter.TargetLimitReport,Target table,html;csv;png
feature_Height_unmanaged_CWHvm_FDC_HW_M,Targets for feature.Height.unmanaged.CWHvm_FDC_HW_M,ca.spatial.reportwriter.TargetLimitReport,Target table,html;csv;png
feature_Height_unmanaged_CWHvm_HW_BA_M,Targets for feature.Height.unmanaged.CWHvm_HW_BA_M,ca.spatial.reportwriter.TargetLimitReport,Target table,html;csv;png
feature_Height_unmanaged_CWHvm_HW_CW_H,Targets for feature.Height.unmanaged.CWHvm_HW_CW_H,ca.spatial.reportwriter.TargetLimitReport,Target table,html;csv;png
feature_Height_unmanaged_CWHvm_HW_CW_L,Targets for feature.Height.unmanaged.CWHvm_HW_CW_L,ca.spatial.reportwriter.TargetLimitReport,Target table,html;csv;png
feature_Height_unmanaged_CWHvm_HW_CW_M,Targets for feature.Height.unmanaged.CWHvm_HW_CW_M,ca.spatial.reportwriter.TargetLimitReport,Target table,html;csv;png
feature_Height_unmanaged_CWHvm_HW_FDC_H,Targets for feature.Height.unmanaged.CWHvm_HW_FDC_H,ca.spatial.reportwriter.TargetLimitReport,Target table,html;csv;png
feature_Height_unmanaged_CWHvm_HW_FDC_L,Targets for feature.Height.unmanaged.CWHvm_HW_FDC_L,ca.spatial.reportwriter.TargetLimitReport,Target table,html;csv;png
feature_Height_unmanaged_CWHvm_HW_SS_M,Targets for feature.Height.unmanaged.CWHvm_HW_SS_M,ca.spatial.reportwriter.TargetLimitReport,Target table,html;csv;png
feature_QMD_managed_CWHvm_CW_HW_M,Targets for feature.QMD.managed.CWHvm_CW_HW_M,ca.spatial.reportwriter.TargetLimitReport,Target table,html;csv;png
feature_QMD_managed_CWHvm_CW_PLC_M,Targets for feature.QMD.managed.CWHvm_CW_PLC_M,ca.spatial.reportwriter.TargetLimitReport,Target table,html;csv;png
feature_QMD_managed_CWHvm_CW_YC_M,Targets for feature.QMD.managed.CWHvm_CW_YC_M,ca.spatial.reportwriter.TargetLimitReport,Target table,html;csv;png
feature_QMD_managed_CWHvm_DR_HW_M,Targets for feature.QMD.managed.CWHvm_DR_HW_M,ca.spatial.reportwriter.TargetLimitReport,Target table,html;csv;png
feature_QMD_managed_CWHvm_FDC_HW_H,Targets for feature.QMD.managed.CWHvm_FDC_HW_H,ca.spatial.reportwriter.TargetLimitReport,Target table,html;csv;png
feature_QMD_managed_CWHvm_FDC_HW_L,Targets for feature.QMD.managed.CWHvm_FDC_HW_L,ca.spatial.reportwriter.TargetLimitReport,Target table,html;csv;png
feature_QMD_managed_CWHvm_FDC_HW_M,Targets for feature.QMD.managed.CWHvm_FDC_HW_M,ca.spatial.reportwriter.TargetLimitReport,Target table,html;csv;png
feature_QMD_managed_CWHvm_HW_BA_M,Targets for feature.QMD.managed.CWHvm_HW_BA_M,ca.spatial.reportwriter.TargetLimitReport,Target table,html;csv;png
feature_QMD_managed_CWHvm_HW_CW_H,Targets for feature.QMD.managed.CWHvm_HW_CW_H,ca.spatial.reportwriter.TargetLimitReport,Target table,html;csv;png
feature_QMD_managed_CWHvm_HW_CW_L,Targets for feature.QMD.managed.CWHvm_HW_CW_L,ca.spatial.reportwriter.TargetLimitReport,Target table,html;csv;png
feature_QMD_managed_CWHvm_HW_CW_M,Targets for feature.QMD.managed.CWHvm_HW_CW_M,ca.spatial.reportwriter.TargetLimitReport,Target table,html;csv;png
feature_QMD_managed_CWHvm_HW_FDC_H,Targets for feature.QMD.managed.CWHvm_HW_FDC_H,ca.spatial.reportwriter.TargetLimitReport,Target table,html;csv;png
feature_QMD_managed_CWHvm_HW_FDC_L,Targets for feature.QMD.managed.CWHvm_HW_FDC_L,ca.spatial.reportwriter.TargetLimitReport,Target table,html;csv;png
feature_QMD_managed_CWHvm_HW_SS_M,Targets for feature.QMD.managed.CWHvm_HW_SS_M,ca.spatial.reportwriter.TargetLimitReport,Target table,html;csv;png
feature_QMD_unmanaged_CWHvm_CW_HW_M,Targets for feature.QMD.unmanaged.CWHvm_CW_HW_M,ca.spatial.reportwriter.TargetLimitReport,Target table,html;csv;png
feature_QMD_unmanaged_CWHvm_CW_PLC_M,Targets for feature.QMD.unmanaged.CWHvm_CW_PLC_M,ca.spatial.reportwriter.TargetLimitReport,Target table,html;csv;png
feature_QMD_unmanaged_CWHvm_CW_YC_M,Targets for feature.QMD.unmanaged.CWHvm_CW_YC_M,ca.spatial.reportwriter.TargetLimitReport,Target table,html;csv;png
feature_QMD_unmanaged_CWHvm_DR_HW_M,Targets for feature.QMD.unmanaged.CWHvm_DR_HW_M,ca.spatial.reportwriter.TargetLimitReport,Target table,html;csv;png
feature_QMD_unmanaged_CWHvm_FDC_HW_H,Targets for feature.QMD.unmanaged.CWHvm_FDC_HW_H,ca.spatial.reportwriter.TargetLimitReport,Target table,html;csv;png
feature_QMD_unmanaged_CWHvm_FDC_HW_L,Targets for feature.QMD.unmanaged.CWHvm_FDC_HW_L,ca.spatial.reportwriter.TargetLimitReport,Target table,html;csv;png
feature_QMD_unmanaged_CWHvm_FDC_HW_M,Targets for feature.QMD.unmanaged.CWHvm_FDC_HW_M,ca.spatial.reportwriter.TargetLimitReport,Target table,html;csv;png
feature_QMD_unmanaged_CWHvm_HW_BA_M,Targets for feature.QMD.unmanaged.CWHvm_HW_BA_M,ca.spatial.reportwriter.TargetLimitReport,Target table,html;csv;png
feature_QMD_unmanaged_CWHvm_HW_CW_H,Targets for feature.QMD.unmanaged.CWHvm_HW_CW_H,ca.spatial.reportwriter.TargetLimitReport,Target table,html;csv;png
feature_QMD_unmanaged_CWHvm_HW_CW_L,Targets for feature.QMD.unmanaged.CWHvm_HW_CW_L,ca.spatial.reportwriter.TargetLimitReport,Target table,html;csv;png
feature_QMD_unmanaged_CWHvm_HW_CW_M,Targets for feature.QMD.unmanaged.CWHvm_HW_CW_M,ca.spatial.reportwriter.TargetLimitReport,Target table,html;csv;png
feature_QMD_unmanaged_CWHvm_HW_FDC_H,Targets for feature.QMD.unmanaged.CWHvm_HW_FDC_H,ca.spatial.reportwriter.TargetLimitReport,Target table,html;csv;png
feature_QMD_unmanaged_CWHvm_HW_FDC_L,Targets for feature.QMD.unmanaged.CWHvm_HW_FDC_L,ca.spatial.reportwriter.TargetLimitReport,Target table,html;csv;png
feature_QMD_unmanaged_CWHvm_HW_SS_M,Targets for feature.QMD.unmanaged.CWHvm_HW_SS_M,ca.spatial.reportwriter.TargetLimitReport,Target table,html;csv;png
feature_Seral_CWHvm_CW_HW_M_immature,Targets for feature.Seral.CWHvm_CW_HW_M.immature,ca.spatial.reportwriter.TargetLimitReport,Target table,html;csv;png
feature_Seral_CWHvm_CW_HW_M_mature,Targets for feature.Seral.CWHvm_CW_HW_M.mature,ca.spatial.reportwriter.TargetLimitReport,Target table,html;csv;png
feature_Seral_CWHvm_CW_HW_M_overmature,Targets for feature.Seral.CWHvm_CW_HW_M.overmature,ca.spatial.reportwriter.TargetLimitReport,Target table,html;csv;png
feature_Seral_CWHvm_CW_HW_M_regenerating,Targets for feature.Seral.CWHvm_CW_HW_M.regenerating,ca.spatial.reportwriter.TargetLimitReport,Target table,html;csv;png
feature_Seral_CWHvm_CW_HW_M_young,Targets for feature.Seral.CWHvm_CW_HW_M.young,ca.spatial.reportwriter.TargetLimitReport,Target table,html;csv;png
feature_Seral_CWHvm_CW_PLC_M_immature,Targets for feature.Seral.CWHvm_CW_PLC_M.immature,ca.spatial.reportwriter.TargetLimitReport,Target table,html;csv;png
feature_Seral_CWHvm_CW_PLC_M_mature,Targets for feature.Seral.CWHvm_CW_PLC_M.mature,ca.spatial.reportwriter.TargetLimitReport,Target table,html;csv;png
feature_Seral_CWHvm_CW_PLC_M_overmature,Targets for feature.Seral.CWHvm_CW_PLC_M.overmature,ca.spatial.reportwriter.TargetLimitReport,Target table,html;csv;png
feature_Seral_CWHvm_CW_PLC_M_regenerating,Targets for feature.Seral.CWHvm_CW_PLC_M.regenerating,ca.spatial.reportwriter.TargetLimitReport,Target table,html;csv;png
feature_Seral_CWHvm_CW_PLC_M_young,Targets for feature.Seral.CWHvm_CW_PLC_M.young,ca.spatial.reportwriter.TargetLimitReport,Target table,html;csv;png
feature_Seral_CWHvm_CW_YC_M_immature,Targets for feature.Seral.CWHvm_CW_YC_M.immature,ca.spatial.reportwriter.TargetLimitReport,Target table,html;csv;png
feature_Seral_CWHvm_CW_YC_M_mature,Targets for feature.Seral.CWHvm_CW_YC_M.mature,ca.spatial.reportwriter.TargetLimitReport,Target table,html;csv;png
feature_Seral_CWHvm_CW_YC_M_overmature,Targets for feature.Seral.CWHvm_CW_YC_M.overmature,ca.spatial.reportwriter.TargetLimitReport,Target table,html;csv;png
feature_Seral_CWHvm_CW_YC_M_regenerating,Targets for feature.Seral.CWHvm_CW_YC_M.regenerating,ca.spatial.reportwriter.TargetLimitReport,Target table,html;csv;png
feature_Seral_CWHvm_CW_YC_M_young,Targets for feature.Seral.CWHvm_CW_YC_M.young,ca.spatial.reportwriter.TargetLimitReport,Target table,html;csv;png
feature_Seral_CWHvm_DR_HW_M_immature,Targets for feature.Seral.CWHvm_DR_HW_M.immature,ca.spatial.reportwriter.TargetLimitReport,Target table,html;csv;png
feature_Seral_CWHvm_DR_HW_M_mature,Targets for feature.Seral.CWHvm_DR_HW_M.mature,ca.spatial.reportwriter.TargetLimitReport,Target table,html;csv;png
feature_Seral_CWHvm_DR_HW_M_overmature,Targets for feature.Seral.CWHvm_DR_HW_M.overmature,ca.spatial.reportwriter.TargetLimitReport,Target table,html;csv;png
feature_Seral_CWHvm_DR_HW_M_regenerating,Targets for feature.Seral.CWHvm_DR_HW_M.regenerating,ca.spatial.reportwriter.TargetLimitReport,Target table,html;csv;png
feature_Seral_CWHvm_DR_HW_M_young,Targets for feature.Seral.CWHvm_DR_HW_M.young,ca.spatial.reportwriter.TargetLimitReport,Target table,html;csv;png
feature_Seral_CWHvm_FDC_HW_H_immature,Targets for feature.Seral.CWHvm_FDC_HW_H.immature,ca.spatial.reportwriter.TargetLimitReport,Target table,html;csv;png
feature_Seral_CWHvm_FDC_HW_H_mature,Targets for feature.Seral.CWHvm_FDC_HW_H.mature,ca.spatial.reportwriter.TargetLimitReport,Target table,html;csv;png
feature_Seral_CWHvm_FDC_HW_H_overmature,Targets for feature.Seral.CWHvm_FDC_HW_H.overmature,ca.spatial.reportwriter.TargetLimitReport,Target table,html;csv;png
feature_Seral_CWHvm_FDC_HW_H_regenerating,Targets for feature.Seral.CWHvm_FDC_HW_H.regenerating,ca.spatial.reportwriter.TargetLimitReport,Target table,html;csv;png
feature_Seral_CWHvm_FDC_HW_H_young,Targets for feature.Seral.CWHvm_FDC_HW_H.young,ca.spatial.reportwriter.TargetLimitReport,Target table,html;csv;png
feature_Seral_CWHvm_FDC_HW_L_immature,Targets for feature.Seral.CWHvm_FDC_HW_L.immature,ca.spatial.reportwriter.TargetLimitReport,Target table,html;csv;png
feature_Seral_CWHvm_FDC_HW_L_mature,Targets for feature.Seral.CWHvm_FDC_HW_L.mature,ca.spatial.reportwriter.TargetLimitReport,Target table,html;csv;png
feature_Seral_CWHvm_FDC_HW_L_overmature,Targets for feature.Seral.CWHvm_FDC_HW_L.overmature,ca.spatial.reportwriter.TargetLimitReport,Target table,html;csv;png
feature_Seral_CWHvm_FDC_HW_L_regenerating,Targets for feature.Seral.CWHvm_FDC_HW_L.regenerating,ca.spatial.reportwriter.TargetLimitReport,Target table,html;csv;png
feature_Seral_CWHvm_FDC_HW_L_young,Targets for feature.Seral.CWHvm_FDC_HW_L.young,ca.spatial.reportwriter.TargetLimitReport,Target table,html;csv;png
feature_Seral_CWHvm_FDC_HW_M_immature,Targets for feature.Seral.CWHvm_FDC_HW_M.immature,ca.spatial.reportwriter.TargetLimitReport,Target table,html;csv;png
feature_Seral_CWHvm_FDC_HW_M_mature,Targets for feature.Seral.CWHvm_FDC_HW_M.mature,ca.spatial.reportwriter.TargetLimitReport,Target table,html;csv;png
feature_Seral_CWHvm_FDC_HW_M_overmature,Targets for feature.Seral.CWHvm_FDC_HW_M.overmature,ca.spatial.reportwriter.TargetLimitReport,Target table,html;csv;png
feature_Seral_CWHvm_FDC_HW_M_regenerating,Targets for feature.Seral.CWHvm_FDC_HW_M.regenerating,ca.spatial.reportwriter.TargetLimitReport,Target table,html;csv;png
feature_Seral_CWHvm_FDC_HW_M_young,Targets for feature.Seral.CWHvm_FDC_HW_M.young,ca.spatial.reportwriter.TargetLimitReport,Target table,html;csv;png
feature_Seral_CWHvm_HW_BA_M_immature,Targets for feature.Seral.CWHvm_HW_BA_M.immature,ca.spatial.reportwriter.TargetLimitReport,Target table,html;csv;png
feature_Seral_CWHvm_HW_BA_M_mature,Targets for feature.Seral.CWHvm_HW_BA_M.mature,ca.spatial.reportwriter.TargetLimitReport,Target table,html;csv;png
feature_Seral_CWHvm_HW_BA_M_overmature,Targets for feature.Seral.CWHvm_HW_BA_M.overmature,ca.spatial.reportwriter.TargetLimitReport,Target table,html;csv;png
feature_Seral_CWHvm_HW_BA_M_regenerating,Targets for feature.Seral.CWHvm_HW_BA_M.regenerating,ca.spatial.reportwriter.TargetLimitReport,Target table,html;csv;png
feature_Seral_CWHvm_HW_BA_M_young,Targets for feature.Seral.CWHvm_HW_BA_M.young,ca.spatial.reportwriter.TargetLimitReport,Target table,html;csv;png
feature_Seral_CWHvm_HW_CW_H_immature,Targets for feature.Seral.CWHvm_HW_CW_H.immature,ca.spatial.reportwriter.TargetLimitReport,Target table,html;csv;png
feature_Seral_CWHvm_HW_CW_H_mature,Targets for feature.Seral.CWHvm_HW_CW_H.mature,ca.spatial.reportwriter.TargetLimitReport,Target table,html;csv;png
feature_Seral_CWHvm_HW_CW_H_overmature,Targets for feature.Seral.CWHvm_HW_CW_H.overmature,ca.spatial.reportwriter.TargetLimitReport,Target table,html;csv;png
feature_Seral_CWHvm_HW_CW_H_regenerating,Targets for feature.Seral.CWHvm_HW_CW_H.regenerating,ca.spatial.reportwriter.TargetLimitReport,Target table,html;csv;png
feature_Seral_CWHvm_HW_CW_H_young,Targets for feature.Seral.CWHvm_HW_CW_H.young,ca.spatial.reportwriter.TargetLimitReport,Target table,html;csv;png
feature_Seral_CWHvm_HW_CW_L_immature,Targets for feature.Seral.CWHvm_HW_CW_L.immature,ca.spatial.reportwriter.TargetLimitReport,Target table,html;csv;png
feature_Seral_CWHvm_HW_CW_L_mature,Targets for feature.Seral.CWHvm_HW_CW_L.mature,ca.spatial.reportwriter.TargetLimitReport,Target table,html;csv;png
feature_Seral_CWHvm_HW_CW_L_overmature,Targets for feature.Seral.CWHvm_HW_CW_L.overmature,ca.spatial.reportwriter.TargetLimitReport,Target table,html;csv;png
feature_Seral_CWHvm_HW_CW_L_regenerating,Targets for feature.Seral.CWHvm_HW_CW_L.regenerating,ca.spatial.reportwriter.TargetLimitReport,Target table,html;csv;png
feature_Seral_CWHvm_HW_CW_L_young,Targets for feature.Seral.CWHvm_HW_CW_L.young,ca.spatial.reportwriter.TargetLimitReport,Target table,html;csv;png
feature_Seral_CWHvm_HW_CW_M_immature,Targets for feature.Seral.CWHvm_HW_CW_M.immature,ca.spatial.reportwriter.TargetLimitReport,Target table,html;csv;png
feature_Seral_CWHvm_HW_CW_M_mature,Targets for feature.Seral.CWHvm_HW_CW_M.mature,ca.spatial.reportwriter.TargetLimitReport,Target table,html;csv;png
feature_Seral_CWHvm_HW_CW_M_overmature,Targets for feature.Seral.CWHvm_HW_CW_M.overmature,ca.spatial.reportwriter.TargetLimitReport,Target table,html;csv;png
feature_Seral_CWHvm_HW_CW_M_regenerating,Targets for feature.Seral.CWHvm_HW_CW_M.regenerating,ca.spatial.reportwriter.TargetLimitReport,Target table,html;csv;png
feature_Seral_CWHvm_HW_CW_M_young,Targets for feature.Seral.CWHvm_HW_CW_M.young,ca.spatial.reportwriter.TargetLimitReport,Target table,html;csv;png
feature_Seral_CWHvm_HW_FDC_H_immature,Targets for feature.Seral.CWHvm_HW_FDC_H.immature,ca.spatial.reportwriter.TargetLimitReport,Target table,html;csv;png
feature_Seral_CWHvm_HW_FDC_H_mature,Targets for feature.Seral.CWHvm_HW_FDC_H.mature,ca.spatial.reportwriter.TargetLimitReport,Target table,html;csv;png
feature_Seral_CWHvm_HW_FDC_H_overmature,Targets for feature.Seral.CWHvm_HW_FDC_H.overmature,ca.spatial.reportwriter.TargetLimitReport,Target table,html;csv;png
feature_Seral_CWHvm_HW_FDC_H_regenerating,Targets for feature.Seral.CWHvm_HW_FDC_H.regenerating,ca.spatial.reportwriter.TargetLimitReport,Target table,html;csv;png
feature_Seral_CWHvm_HW_FDC_H_young,Targets for feature.Seral.CWHvm_HW_FDC_H.young,ca.spatial.reportwriter.TargetLimitReport,Target table,html;csv;png
feature_Seral_CWHvm_HW_FDC_L_immature,Targets for feature.Seral.CWHvm_HW_FDC_L.immature,ca.spatial.reportwriter.TargetLimitReport,Target table,html;csv;png
feature_Seral_CWHvm_HW_FDC_L_mature,Targets for feature.Seral.CWHvm_HW_FDC_L.mature,ca.spatial.reportwriter.TargetLimitReport,Target table,html;csv;png
feature_Seral_CWHvm_HW_FDC_L_overmature,Targets for feature.Seral.CWHvm_HW_FDC_L.overmature,ca.spatial.reportwriter.TargetLimitReport,Target table,html;csv;png
feature_Seral_CWHvm_HW_FDC_L_regenerating,Targets for feature.Seral.CWHvm_HW_FDC_L.regenerating,ca.spatial.reportwriter.TargetLimitReport,Target table,html;csv;png
feature_Seral_CWHvm_HW_FDC_L_young,Targets for feature.Seral.CWHvm_HW_FDC_L.young,ca.spatial.reportwriter.TargetLimitReport,Target table,html;csv;png
feature_Seral_CWHvm_HW_SS_M_immature,Targets for feature.Seral.CWHvm_HW_SS_M.immature,ca.spatial.reportwriter.TargetLimitReport,Target table,html;csv;png
feature_Seral_CWHvm_HW_SS_M_mature,Targets for feature.Seral.CWHvm_HW_SS_M.mature,ca.spatial.reportwriter.TargetLimitReport,Target table,html;csv;png
feature_Seral_CWHvm_HW_SS_M_overmature,Targets for feature.Seral.CWHvm_HW_SS_M.overmature,ca.spatial.reportwriter.TargetLimitReport,Target table,html;csv;png
feature_Seral_CWHvm_HW_SS_M_regenerating,Targets for feature.Seral.CWHvm_HW_SS_M.regenerating,ca.spatial.reportwriter.TargetLimitReport,Target table,html;csv;png
feature_Seral_CWHvm_HW_SS_M_young,Targets for feature.Seral.CWHvm_HW_SS_M.young,ca.spatial.reportwriter.TargetLimitReport,Target table,html;csv;png
feature_Seral_immature,Targets for feature.Seral.immature,ca.spatial.reportwriter.TargetLimitReport,Target table,html;csv;png
feature_Seral_mature,Targets for feature.Seral.mature,ca.spatial.reportwriter.TargetLimitReport,Target table,html;csv;png
feature_Seral_overmature,Targets for feature.Seral.overmature,ca.spatial.reportwriter.TargetLimitReport,Target table,html;csv;png
feature_Seral_regenerating,Targets for feature.Seral.regenerating,ca.spatial.reportwriter.TargetLimitReport,Target table,html;csv;png
feature_Seral_young,Targets for feature.Seral.young,ca.spatial.reportwriter.TargetLimitReport,Target table,html;csv;png
feature_SpeciesProp_managed_BA,Targets for feature.SpeciesProp.managed.BA,ca.spatial.reportwriter.TargetLimitReport,Target table,html;csv;png
feature_SpeciesProp_managed_CW,Targets for feature.SpeciesProp.managed.CW,ca.spatial.reportwriter.TargetLimitReport,Target table,html;csv;png
feature_SpeciesProp_managed_FDC,Targets for feature.SpeciesProp.managed.FDC,ca.spatial.reportwriter.TargetLimitReport,Target table,html;csv;png
feature_SpeciesProp_managed_HW,Targets for feature.SpeciesProp.managed.HW,ca.spatial.reportwriter.TargetLimitReport,Target table,html;csv;png
feature_SpeciesProp_managed_PLC,Targets for feature.SpeciesProp.managed.PLC,ca.spatial.reportwriter.TargetLimitReport,Target table,html;csv;png
feature_SpeciesProp_managed_SS,Targets for feature.SpeciesProp.managed.SS,ca.spatial.reportwriter.TargetLimitReport,Target table,html;csv;png
feature_SpeciesProp_managed_YC,Targets for feature.SpeciesProp.managed.YC,ca.spatial.reportwriter.TargetLimitReport,Target table,html;csv;png
feature_SpeciesProp_unmanaged_BA,Targets for feature.SpeciesProp.unmanaged.BA,ca.spatial.reportwriter.TargetLimitReport,Target table,html;csv;png
feature_SpeciesProp_unmanaged_CW,Targets for feature.SpeciesProp.unmanaged.CW,ca.spatial.reportwriter.TargetLimitReport,Target table,html;csv;png
feature_SpeciesProp_unmanaged_FDC,Targets for feature.SpeciesProp.unmanaged.FDC,ca.spatial.reportwriter.TargetLimitReport,Target table,html;csv;png
feature_SpeciesProp_unmanaged_HW,Targets for feature.SpeciesProp.unmanaged.HW,ca.spatial.reportwriter.TargetLimitReport,Target table,html;csv;png
feature_SpeciesProp_unmanaged_PLC,Targets for feature.SpeciesProp.unmanaged.PLC,ca.spatial.reportwriter.TargetLimitReport,Target table,html;csv;png
feature_SpeciesProp_unmanaged_SS,Targets for feature.SpeciesProp.unmanaged.SS,ca.spatial.reportwriter.TargetLimitReport,Target table,html;csv;png
feature_SpeciesProp_unmanaged_YC,Targets for feature.SpeciesProp.unmanaged.YC,ca.spatial.reportwriter.TargetLimitReport,Target table,html;csv;png
feature_Yield_managed_BA,Targets for feature.Yield.managed.BA,ca.spatial.reportwriter.TargetLimitReport,Target table,html;csv;png
feature_Yield_managed_CW,Targets for feature.Yield.managed.CW,ca.spatial.reportwriter.TargetLimitReport,Target table,html;csv;png
feature_Yield_managed_FDC,Targets for feature.Yield.managed.FDC,ca.spatial.reportwriter.TargetLimitReport,Target table,html;csv;png
feature_Yield_managed_HW,Targets for feature.Yield.managed.HW,ca.spatial.reportwriter.TargetLimitReport,Target table,html;csv;png
feature_Yield_managed_SS,Targets for feature.Yield.managed.SS,ca.spatial.reportwriter.TargetLimitReport,Target table,html;csv;png
feature_Yield_managed_Total,Targets for feature.Yield.managed.Total,ca.spatial.reportwriter.TargetLimitReport,Target table,html;csv;png
feature_Yield_managed_YC,Targets for feature.Yield.managed.YC,ca.spatial.reportwriter.TargetLimitReport,Target table,html;csv;png
feature_Yield_unmanaged_BA,Targets for feature.Yield.unmanaged.BA,ca.spatial.reportwriter.TargetLimitReport,Target table,html;csv;png
feature_Yield_unmanaged_CW,Targets for feature.Yield.unmanaged.CW,ca.spatial.reportwriter.TargetLimitReport,Target table,html;csv;png
feature_Yield_unmanaged_FDC,Targets for feature.Yield.unmanaged.FDC,ca.spatial.reportwriter.TargetLimitReport,Target table,html;csv;png
feature_Yield_unmanaged_HW,Targets for feature.Yield.unmanaged.HW,ca.spatial.reportwriter.TargetLimitReport,Target table,html;csv;png
feature_Yield_unmanaged_PLC,Targets for feature.Yield.unmanaged.PLC,ca.spatial.reportwriter.TargetLimitReport,Target table,html;csv;png
feature_Yield_unmanaged_SS,Targets for feature.Yield.unmanaged.SS,ca.spatial.reportwriter.TargetLimitReport,Target table,html;csv;png
feature_Yield_unmanaged_Total,Targets for feature.Yield.unmanaged.Total,ca.spatial.reportwriter.TargetLimitReport,Target table,html;csv;png
feature_Yield_unmanaged_YC,Targets for feature.Yield.unmanaged.YC,ca.spatial.reportwriter.TargetLimitReport,Target table,html;csv;png
flow_even_product_Yield_managed_BA,Targets for flow.even.product.Yield.managed.BA,ca.spatial.reportwriter.TargetLimitReport,Target table,html;csv;png
flow_even_product_Yield_managed_CW,Targets for flow.even.product.Yield.managed.CW,ca.spatial.reportwriter.TargetLimitReport,Target table,html;csv;png
flow_even_product_Yield_managed_FDC,Targets for flow.even.product.Yield.managed.FDC,ca.spatial.reportwriter.TargetLimitReport,Target table,html;csv;png
flow_even_product_Yield_managed_HW,Targets for flow.even.product.Yield.managed.HW,ca.spatial.reportwriter.TargetLimitReport,Target table,html;csv;png
flow_even_product_Yield_managed_SS,Targets for flow.even.product.Yield.managed.SS,ca.spatial.reportwriter.TargetLimitReport,Target table,html;csv;png
flow_even_product_Yield_managed_Total,Targets for flow.even.product.Yield.managed.Total,ca.spatial.reportwriter.TargetLimitReport,Target table,html;csv;png
flow_even_product_Yield_managed_YC,Targets for flow.even.product.Yield.managed.YC,ca.spatial.reportwriter.TargetLimitReport,Target table,html;csv;png
flow_even_value_nrevenue_total,Targets for flow.even.value.nrevenue.total,ca.spatial.reportwriter.TargetLimitReport,Target table,html;csv;png
flow_ndy_feature_Yield_managed_BA,Targets for flow.ndy.feature.Yield.managed.BA,ca.spatial.reportwriter.TargetLimitReport,Target table,html;csv;png
flow_ndy_feature_Yield_managed_CW,Targets for flow.ndy.feature.Yield.managed.CW,ca.spatial.reportwriter.TargetLimitReport,Target table,html;csv;png
flow_ndy_feature_Yield_managed_FDC,Targets for flow.ndy.feature.Yield.managed.FDC,ca.spatial.reportwriter.TargetLimitReport,Target table,html;csv;png
flow_ndy_feature_Yield_managed_HW,Targets for flow.ndy.feature.Yield.managed.HW,ca.spatial.reportwriter.TargetLimitReport,Target table,html;csv;png
flow_ndy_feature_Yield_managed_SS,Targets for flow.ndy.feature.Yield.managed.SS,ca.spatial.reportwriter.TargetLimitReport,Target table,html;csv;png
flow_ndy_feature_Yield_managed_Total,Targets for flow.ndy.feature.Yield.managed.Total,ca.spatial.reportwriter.TargetLimitReport,Target table,html;csv;png
flow_ndy_feature_Yield_managed_YC,Targets for flow.ndy.feature.Yield.managed.YC,ca.spatial.reportwriter.TargetLimitReport,Target table,html;csv;png
flow_ndy_value_nrevenue_total,Targets for flow.ndy.value.nrevenue.total,ca.spatial.reportwriter.TargetLimitReport,Target table,html;csv;png
patch_harvested_0_10_area,Targets for patch.harvested.0_10.area,ca.spatial.reportwriter.TargetLimitReport,Target table,html;csv;png
patch_harvested_0_10_attractor,Targets for patch.harvested.0_10.attractor,ca.spatial.reportwriter.TargetLimitReport,Target table,html;csv;png
patch_harvested_0_10_blocks,Targets for patch.harvested.0_10.blocks,ca.spatial.reportwriter.TargetLimitReport,Target table,html;csv;png
patch_harvested_0_10_freqpercent,Targets for patch.harvested.0_10.freqpercent,ca.spatial.reportwriter.TargetLimitReport,Target table,html;csv;png
patch_harvested_0_10_frequency,Targets for patch.harvested.0_10.frequency,ca.spatial.reportwriter.TargetLimitReport,Target table,html;csv;png
patch_harvested_0_10_shape,Targets for patch.harvested.0_10.shape,ca.spatial.reportwriter.TargetLimitReport,Target table,html;csv;png
patch_harvested_0_10_size,Targets for patch.harvested.0_10.size,ca.spatial.reportwriter.TargetLimitReport,Target table,html;csv;png
patch_harvested_0_40_area,Targets for patch.harvested.0_40.area,ca.spatial.reportwriter.TargetLimitReport,Target table,html;csv;png
patch_harvested_0_40_attractor,Targets for patch.harvested.0_40.attractor,ca.spatial.reportwriter.TargetLimitReport,Target table,html;csv;png
patch_harvested_0_40_blocks,Targets for patch.harvested.0_40.blocks,ca.spatial.reportwriter.TargetLimitReport,Target table,html;csv;png
patch_harvested_0_40_freqpercent,Targets for patch.harvested.0_40.freqpercent,ca.spatial.reportwriter.TargetLimitReport,Target table,html;csv;png
patch_harvested_0_40_frequency,Targets for patch.harvested.0_40.frequency,ca.spatial.reportwriter.TargetLimitReport,Target table,html;csv;png
patch_harvested_0_40_shape,Targets for patch.harvested.0_40.shape,ca.spatial.reportwriter.TargetLimitReport,Target table,html;csv;png
patch_harvested_0_40_size,Targets for patch.harvested.0_40.size,ca.spatial.reportwriter.TargetLimitReport,Target table,html;csv;png
patch_harvested_10_20_area,Targets for patch.harvested.10_20.area,ca.spatial.reportwriter.TargetLimitReport,Target table,html;csv;png
patch_harvested_10_20_attractor,Targets for patch.harvested.10_20.attractor,ca.spatial.reportwriter.TargetLimitReport,Target table,html;csv;png
patch_harvested_10_20_blocks,Targets for patch.harvested.10_20.blocks,ca.spatial.reportwriter.TargetLimitReport,Target table,html;csv;png
patch_harvested_10_20_freqpercent,Targets for patch.harvested.10_20.freqpercent,ca.spatial.reportwriter.TargetLimitReport,Target table,html;csv;png
patch_harvested_10_20_frequency,Targets for patch.harvested.10_20.frequency,ca.spatial.reportwriter.TargetLimitReport,Target table,html;csv;png
patch_harvested_10_20_shape,Targets for patch.harvested.10_20.shape,ca.spatial.reportwriter.TargetLimitReport,Target table,html;csv;png
patch_harvested_10_20_size,Targets for patch.harvested.10_20.size,ca.spatial.reportwriter.TargetLimitReport,Target table,html;csv;png
patch_harvested_20_40_area,Targets for patch.harvested.20_40.area,ca.spatial.reportwriter.TargetLimitReport,Target table,html;csv;png
patch_harvested_20_40_attractor,Targets for patch.harvested.20_40.attractor,ca.spatial.reportwriter.TargetLimitReport,Target table,html;csv;png
patch_harvested_20_40_blocks,Targets for patch.harvested.20_40.blocks,ca.spatial.reportwriter.TargetLimitReport,Target table,html;csv;png
patch_harvested_20_40_freqpercent,Targets for patch.harvested.20_40.freqpercent,ca.spatial.reportwriter.TargetLimitReport,Target table,html;csv;png
patch_harvested_20_40_frequency,Targets for patch.harvested.20_40.frequency,ca.spatial.reportwriter.TargetLimitReport,Target table,html;csv;png
patch_harvested_20_40_shape,Targets for patch.harvested.20_40.shape,ca.spatial.reportwriter.TargetLimitReport,Target table,html;csv;png
patch_harvested_20_40_size,Targets for patch.harvested.20_40.size,ca.spatial.reportwriter.TargetLimitReport,Target table,html;csv;png
patch_harvested_250_plus_area,Targets for patch.harvested.250_plus.area,ca.spatial.reportwriter.TargetLimitReport,Target table,html;csv;png
patch_harvested_250_plus_attractor,Targets for patch.harvested.250_plus.attractor,ca.spatial.reportwriter.TargetLimitReport,Target table,html;csv;png
patch_harvested_250_plus_blocks,Targets for patch.harvested.250_plus.blocks,ca.spatial.reportwriter.TargetLimitReport,Target table,html;csv;png
patch_harvested_250_plus_freqpercent,Targets for patch.harvested.250_plus.freqpercent,ca.spatial.reportwriter.TargetLimitReport,Target table,html;csv;png
patch_harvested_250_plus_frequency,Targets for patch.harvested.250_plus.frequency,ca.spatial.reportwriter.TargetLimitReport,Target table,html;csv;png
patch_harvested_250_plus_shape,Targets for patch.harvested.250_plus.shape,ca.spatial.reportwriter.TargetLimitReport,Target table,html;csv;png
patch_harvested_250_plus_size,Targets for patch.harvested.250_plus.size,ca.spatial.reportwriter.TargetLimitReport,Target table,html;csv;png
patch_harvested_40_80_area,Targets for patch.harvested.40_80.area,ca.spatial.reportwriter.TargetLimitReport,Target table,html;csv;png
patch_harvested_40_80_attractor,Targets for patch.harvested.40_80.attractor,ca.spatial.reportwriter.TargetLimitReport,Target table,html;csv;png
patch_harvested_40_80_blocks,Targets for patch.harvested.40_80.blocks,ca.spatial.reportwriter.TargetLimitReport,Target table,html;csv;png
patch_harvested_40_80_freqpercent,Targets for patch.harvested.40_80.freqpercent,ca.spatial.reportwriter.TargetLimitReport,Target table,html;csv;png
patch_harvested_40_80_frequency,Targets for patch.harvested.40_80.frequency,ca.spatial.reportwriter.TargetLimitReport,Target table,html;csv;png
patch_harvested_40_80_shape,Targets for patch.harvested.40_80.shape,ca.spatial.reportwriter.TargetLimitReport,Target table,html;csv;png
patch_harvested_40_80_size,Targets for patch.harvested.40_80.size,ca.spatial.reportwriter.TargetLimitReport,Target table,html;csv;png
patch_harvested_80_250_area,Targets for patch.harvested.80_250.area,ca.spatial.reportwriter.TargetLimitReport,Target table,html;csv;png
patch_harvested_80_250_attractor,Targets for patch.harvested.80_250.attractor,ca.spatial.reportwriter.TargetLimitReport,Target table,html;csv;png
patch_harvested_80_250_blocks,Targets for patch.harvested.80_250.blocks,ca.spatial.reportwriter.TargetLimitReport,Target table,html;csv;png
patch_harvested_80_250_freqpercent,Targets for patch.harvested.80_250.freqpercent,ca.spatial.reportwriter.TargetLimitReport,Target table,html;csv;png
patch_harvested_80_250_frequency,Targets for patch.harvested.80_250.frequency,ca.spatial.reportwriter.TargetLimitReport,Target table,html;csv;png
patch_harvested_80_250_shape,Targets for patch.harvested.80_250.shape,ca.spatial.reportwriter.TargetLimitReport,Target table,html;csv;png
patch_harvested_80_250_size,Targets for patch.harvested.80_250.size,ca.spatial.reportwriter.TargetLimitReport,Target table,html;csv;png
patch_harvested_Total_area,Targets for patch.harvested.Total.area,ca.spatial.reportwriter.TargetLimitReport,Target table,html;csv;png
patch_harvested_Total_attractor,Targets for patch.harvested.Total.attractor,ca.spatial.reportwriter.TargetLimitReport,Target table,html;csv;png
patch_harvested_Total_blocks,Targets for patch.harvested.Total.blocks,ca.spatial.reportwriter.TargetLimitReport,Target table,html;csv;png
patch_harvested_Total_freqpercent,Targets for patch.harvested.Total.freqpercent,ca.spatial.reportwriter.TargetLimitReport,Target table,html;csv;png
patch_harvested_Total_frequency,Targets for patch.harvested.Total.frequency,ca.spatial.reportwriter.TargetLimitReport,Target table,html;csv;png
patch_harvested_Total_shape,Targets for patch.harvested.Total.shape,ca.spatial.reportwriter.TargetLimitReport,Target table,html;csv;png
patch_harvested_Total_size,Targets for patch.harvested.Total.size,ca.spatial.reportwriter.TargetLimitReport,Target table,html;csv;png
product_HarvestedVolume_managed_BA_CC,Targets for product.HarvestedVolume.managed.BA.CC,ca.spatial.reportwriter.TargetLimitReport,Target table,html;csv;png
product_HarvestedVolume_managed_CW_CC,Targets for product.HarvestedVolume.managed.CW.CC,ca.spatial.reportwriter.TargetLimitReport,Target table,html;csv;png
product_HarvestedVolume_managed_FDC_CC,Targets for product.HarvestedVolume.managed.FDC.CC,ca.spatial.reportwriter.TargetLimitReport,Target table,html;csv;png
product_HarvestedVolume_managed_HW_CC,Targets for product.HarvestedVolume.managed.HW.CC,ca.spatial.reportwriter.TargetLimitReport,Target table,html;csv;png
product_HarvestedVolume_managed_SS_CC,Targets for product.HarvestedVolume.managed.SS.CC,ca.spatial.reportwriter.TargetLimitReport,Target table,html;csv;png
product_HarvestedVolume_managed_Total_CC,Targets for product.HarvestedVolume.managed.Total.CC,ca.spatial.reportwriter.TargetLimitReport,Target table,html;csv;png
product_HarvestedVolume_managed_YC_CC,Targets for product.HarvestedVolume.managed.YC.CC,ca.spatial.reportwriter.TargetLimitReport,Target table,html;csv;png
product_QMD_managed_CWHvm_CW_HW_M_CC,Targets for product.QMD.managed.CWHvm_CW_HW_M.CC,ca.spatial.reportwriter.TargetLimitReport,Target table,html;csv;png
product_QMD_managed_CWHvm_CW_PLC_M_CC,Targets for product.QMD.managed.CWHvm_CW_PLC_M.CC,ca.spatial.reportwriter.TargetLimitReport,Target table,html;csv;png
product_QMD_managed_CWHvm_CW_YC_M_CC,Targets for product.QMD.managed.CWHvm_CW_YC_M.CC,ca.spatial.reportwriter.TargetLimitReport,Target table,html;csv;png
product_QMD_managed_CWHvm_DR_HW_M_CC,Targets for product.QMD.managed.CWHvm_DR_HW_M.CC,ca.spatial.reportwriter.TargetLimitReport,Target table,html;csv;png
product_QMD_managed_CWHvm_FDC_HW_H_CC,Targets for product.QMD.managed.CWHvm_FDC_HW_H.CC,ca.spatial.reportwriter.TargetLimitReport,Target table,html;csv;png
product_QMD_managed_CWHvm_FDC_HW_H_PCT,Targets for product.QMD.managed.CWHvm_FDC_HW_H.PCT,ca.spatial.reportwriter.TargetLimitReport,Target table,html;csv;png
product_QMD_managed_CWHvm_FDC_HW_L_CC,Targets for product.QMD.managed.CWHvm_FDC_HW_L.CC,ca.spatial.reportwriter.TargetLimitReport,Target table,html;csv;png
product_QMD_managed_CWHvm_FDC_HW_M_CC,Targets for product.QMD.managed.CWHvm_FDC_HW_M.CC,ca.spatial.reportwriter.TargetLimitReport,Target table,html;csv;png
product_QMD_managed_CWHvm_FDC_HW_M_PCT,Targets for product.QMD.managed.CWHvm_FDC_HW_M.PCT,ca.spatial.reportwriter.TargetLimitReport,Target table,html;csv;png
product_QMD_managed_CWHvm_HW_BA_M_CC,Targets for product.QMD.managed.CWHvm_HW_BA_M.CC,ca.spatial.reportwriter.TargetLimitReport,Target table,html;csv;png
product_QMD_managed_CWHvm_HW_CW_H_CC,Targets for product.QMD.managed.CWHvm_HW_CW_H.CC,ca.spatial.reportwriter.TargetLimitReport,Target table,html;csv;png
product_QMD_managed_CWHvm_HW_CW_L_CC,Targets for product.QMD.managed.CWHvm_HW_CW_L.CC,ca.spatial.reportwriter.TargetLimitReport,Target table,html;csv;png
product_QMD_managed_CWHvm_HW_CW_M_CC,Targets for product.QMD.managed.CWHvm_HW_CW_M.CC,ca.spatial.reportwriter.TargetLimitReport,Target table,html;csv;png
product_QMD_managed_CWHvm_HW_FDC_H_CC,Targets for product.QMD.managed.CWHvm_HW_FDC_H.CC,ca.spatial.reportwriter.TargetLimitReport,Target table,html;csv;png
product_QMD_managed_CWHvm_HW_FDC_H_PCT,Targets for product.QMD.managed.CWHvm_HW_FDC_H.PCT,ca.spatial.reportwriter.TargetLimitReport,Target table,html;csv;png
product_QMD_managed_CWHvm_HW_FDC_L_CC,Targets for product.QMD.managed.CWHvm_HW_FDC_L.CC,ca.spatial.reportwriter.TargetLimitReport,Target table,html;csv;png
product_QMD_managed_CWHvm_HW_SS_M_CC,Targets for product.QMD.managed.CWHvm_HW_SS_M.CC,ca.spatial.reportwriter.TargetLimitReport,Target table,html;csv;png
product_QMDNumerator_managed_CWHvm_CW_HW_M_CC,Targets for product.QMDNumerator.managed.CWHvm_CW_HW_M.CC,ca.spatial.reportwriter.TargetLimitReport,Target table,html;csv;png
product_QMDNumerator_managed_CWHvm_CW_PLC_M_CC,Targets for product.QMDNumerator.managed.CWHvm_CW_PLC_M.CC,ca.spatial.reportwriter.TargetLimitReport,Target table,html;csv;png
product_QMDNumerator_managed_CWHvm_CW_YC_M_CC,Targets for product.QMDNumerator.managed.CWHvm_CW_YC_M.CC,ca.spatial.reportwriter.TargetLimitReport,Target table,html;csv;png
product_QMDNumerator_managed_CWHvm_DR_HW_M_CC,Targets for product.QMDNumerator.managed.CWHvm_DR_HW_M.CC,ca.spatial.reportwriter.TargetLimitReport,Target table,html;csv;png
product_QMDNumerator_managed_CWHvm_FDC_HW_H_CC,Targets for product.QMDNumerator.managed.CWHvm_FDC_HW_H.CC,ca.spatial.reportwriter.TargetLimitReport,Target table,html;csv;png
product_QMDNumerator_managed_CWHvm_FDC_HW_H_PCT,Targets for product.QMDNumerator.managed.CWHvm_FDC_HW_H.PCT,ca.spatial.reportwriter.TargetLimitReport,Target table,html;csv;png
product_QMDNumerator_managed_CWHvm_FDC_HW_L_CC,Targets for product.QMDNumerator.managed.CWHvm_FDC_HW_L.CC,ca.spatial.reportwriter.TargetLimitReport,Target table,html;csv;png
product_QMDNumerator_managed_CWHvm_FDC_HW_M_CC,Targets for product.QMDNumerator.managed.CWHvm_FDC_HW_M.CC,ca.spatial.reportwriter.TargetLimitReport,Target table,html;csv;png
product_QMDNumerator_managed_CWHvm_FDC_HW_M_PCT,Targets for product.QMDNumerator.managed.CWHvm_FDC_HW_M.PCT,ca.spatial.reportwriter.TargetLimitReport,Target table,html;csv;png
product_QMDNumerator_managed_CWHvm_HW_BA_M_CC,Targets for product.QMDNumerator.managed.CWHvm_HW_BA_M.CC,ca.spatial.reportwriter.TargetLimitReport,Target table,html;csv;png
product_QMDNumerator_managed_CWHvm_HW_CW_H_CC,Targets for product.QMDNumerator.managed.CWHvm_HW_CW_H.CC,ca.spatial.reportwriter.TargetLimitReport,Target table,html;csv;png
product_QMDNumerator_managed_CWHvm_HW_CW_L_CC,Targets for product.QMDNumerator.managed.CWHvm_HW_CW_L.CC,ca.spatial.reportwriter.TargetLimitReport,Target table,html;csv;png
product_QMDNumerator_managed_CWHvm_HW_CW_M_CC,Targets for product.QMDNumerator.managed.CWHvm_HW_CW_M.CC,ca.spatial.reportwriter.TargetLimitReport,Target table,html;csv;png
product_QMDNumerator_managed_CWHvm_HW_FDC_H_CC,Targets for product.QMDNumerator.managed.CWHvm_HW_FDC_H.CC,ca.spatial.reportwriter.TargetLimitReport,Target table,html;csv;png
product_QMDNumerator_managed_CWHvm_HW_FDC_H_PCT,Targets for product.QMDNumerator.managed.CWHvm_HW_FDC_H.PCT,ca.spatial.reportwriter.TargetLimitReport,Target table,html;csv;png
product_QMDNumerator_managed_CWHvm_HW_FDC_L_CC,Targets for product.QMDNumerator.managed.CWHvm_HW_FDC_L.CC,ca.spatial.reportwriter.TargetLimitReport,Target table,html;csv;png
product_QMDNumerator_managed_CWHvm_HW_SS_M_CC,Targets for product.QMDNumerator.managed.CWHvm_HW_SS_M.CC,ca.spatial.reportwriter.TargetLimitReport,Target table,html;csv;png
product_Seral_area_immature_CWHvm_CW_HW_M_CC,Targets for product.Seral.area.immature.CWHvm_CW_HW_M.CC,ca.spatial.reportwriter.TargetLimitReport,Target table,html;csv;png
product_Seral_area_immature_CWHvm_CW_PLC_M_CC,Targets for product.Seral.area.immature.CWHvm_CW_PLC_M.CC,ca.spatial.reportwriter.TargetLimitReport,Target table,html;csv;png
product_Seral_area_immature_CWHvm_CW_YC_M_CC,Targets for product.Seral.area.immature.CWHvm_CW_YC_M.CC,ca.spatial.reportwriter.TargetLimitReport,Target table,html;csv;png
product_Seral_area_immature_CWHvm_DR_HW_M_CC,Targets for product.Seral.area.immature.CWHvm_DR_HW_M.CC,ca.spatial.reportwriter.TargetLimitReport,Target table,html;csv;png
product_Seral_area_immature_CWHvm_FDC_HW_H_CC,Targets for product.Seral.area.immature.CWHvm_FDC_HW_H.CC,ca.spatial.reportwriter.TargetLimitReport,Target table,html;csv;png
product_Seral_area_immature_CWHvm_FDC_HW_L_CC,Targets for product.Seral.area.immature.CWHvm_FDC_HW_L.CC,ca.spatial.reportwriter.TargetLimitReport,Target table,html;csv;png
product_Seral_area_immature_CWHvm_FDC_HW_M_CC,Targets for product.Seral.area.immature.CWHvm_FDC_HW_M.CC,ca.spatial.reportwriter.TargetLimitReport,Target table,html;csv;png
product_Seral_area_immature_CWHvm_HW_BA_M_CC,Targets for product.Seral.area.immature.CWHvm_HW_BA_M.CC,ca.spatial.reportwriter.TargetLimitReport,Target table,html;csv;png
product_Seral_area_immature_CWHvm_HW_CW_H_CC,Targets for product.Seral.area.immature.CWHvm_HW_CW_H.CC,ca.spatial.reportwriter.TargetLimitReport,Target table,html;csv;png
product_Seral_area_immature_CWHvm_HW_CW_L_CC,Targets for product.Seral.area.immature.CWHvm_HW_CW_L.CC,ca.spatial.reportwriter.TargetLimitReport,Target table,html;csv;png
product_Seral_area_immature_CWHvm_HW_CW_M_CC,Targets for product.Seral.area.immature.CWHvm_HW_CW_M.CC,ca.spatial.reportwriter.TargetLimitReport,Target table,html;csv;png
product_Seral_area_immature_CWHvm_HW_FDC_H_CC,Targets for product.Seral.area.immature.CWHvm_HW_FDC_H.CC,ca.spatial.reportwriter.TargetLimitReport,Target table,html;csv;png
product_Seral_area_immature_CWHvm_HW_FDC_L_CC,Targets for product.Seral.area.immature.CWHvm_HW_FDC_L.CC,ca.spatial.reportwriter.TargetLimitReport,Target table,html;csv;png
product_Seral_area_immature_CWHvm_HW_SS_M_CC,Targets for product.Seral.area.immature.CWHvm_HW_SS_M.CC,ca.spatial.reportwriter.TargetLimitReport,Target table,html;csv;png
product_Seral_area_mature_CWHvm_CW_HW_M_CC,Targets for product.Seral.area.mature.CWHvm_CW_HW_M.CC,ca.spatial.reportwriter.TargetLimitReport,Target table,html;csv;png
product_Seral_area_mature_CWHvm_CW_PLC_M_CC,Targets for product.Seral.area.mature.CWHvm_CW_PLC_M.CC,ca.spatial.reportwriter.TargetLimitReport,Target table,html;csv;png
product_Seral_area_mature_CWHvm_CW_YC_M_CC,Targets for product.Seral.area.mature.CWHvm_CW_YC_M.CC,ca.spatial.reportwriter.TargetLimitReport,Target table,html;csv;png
product_Seral_area_mature_CWHvm_DR_HW_M_CC,Targets for product.Seral.area.mature.CWHvm_DR_HW_M.CC,ca.spatial.reportwriter.TargetLimitReport,Target table,html;csv;png
product_Seral_area_mature_CWHvm_FDC_HW_H_CC,Targets for product.Seral.area.mature.CWHvm_FDC_HW_H.CC,ca.spatial.reportwriter.TargetLimitReport,Target table,html;csv;png
product_Seral_area_mature_CWHvm_FDC_HW_L_CC,Targets for product.Seral.area.mature.CWHvm_FDC_HW_L.CC,ca.spatial.reportwriter.TargetLimitReport,Target table,html;csv;png
product_Seral_area_mature_CWHvm_FDC_HW_M_CC,Targets for product.Seral.area.mature.CWHvm_FDC_HW_M.CC,ca.spatial.reportwriter.TargetLimitReport,Target table,html;csv;png
product_Seral_area_mature_CWHvm_HW_BA_M_CC,Targets for product.Seral.area.mature.CWHvm_HW_BA_M.CC,ca.spatial.reportwriter.TargetLimitReport,Target table,html;csv;png
product_Seral_area_mature_CWHvm_HW_CW_H_CC,Targets for product.Seral.area.mature.CWHvm_HW_CW_H.CC,ca.spatial.reportwriter.TargetLimitReport,Target table,html;csv;png
product_Seral_area_mature_CWHvm_HW_CW_L_CC,Targets for product.Seral.area.mature.CWHvm_HW_CW_L.CC,ca.spatial.reportwriter.TargetLimitReport,Target table,html;csv;png
product_Seral_area_mature_CWHvm_HW_CW_M_CC,Targets for product.Seral.area.mature.CWHvm_HW_CW_M.CC,ca.spatial.reportwriter.TargetLimitReport,Target table,html;csv;png
product_Seral_area_mature_CWHvm_HW_FDC_H_CC,Targets for product.Seral.area.mature.CWHvm_HW_FDC_H.CC,ca.spatial.reportwriter.TargetLimitReport,Target table,html;csv;png
product_Seral_area_mature_CWHvm_HW_FDC_L_CC,Targets for product.Seral.area.mature.CWHvm_HW_FDC_L.CC,ca.spatial.reportwriter.TargetLimitReport,Target table,html;csv;png
product_Seral_area_mature_CWHvm_HW_SS_M_CC,Targets for product.Seral.area.mature.CWHvm_HW_SS_M.CC,ca.spatial.reportwriter.TargetLimitReport,Target table,html;csv;png
product_Seral_area_overmature_CWHvm_CW_HW_M_CC,Targets for product.Seral.area.overmature.CWHvm_CW_HW_M.CC,ca.spatial.reportwriter.TargetLimitReport,Target table,html;csv;png
product_Seral_area_overmature_CWHvm_CW_PLC_M_CC,Targets for product.Seral.area.overmature.CWHvm_CW_PLC_M.CC,ca.spatial.reportwriter.TargetLimitReport,Target table,html;csv;png
product_Seral_area_overmature_CWHvm_CW_YC_M_CC,Targets for product.Seral.area.overmature.CWHvm_CW_YC_M.CC,ca.spatial.reportwriter.TargetLimitReport,Target table,html;csv;png
product_Seral_area_overmature_CWHvm_DR_HW_M_CC,Targets for product.Seral.area.overmature.CWHvm_DR_HW_M.CC,ca.spatial.reportwriter.TargetLimitReport,Target table,html;csv;png
product_Seral_area_overmature_CWHvm_FDC_HW_H_CC,Targets for product.Seral.area.overmature.CWHvm_FDC_HW_H.CC,ca.spatial.reportwriter.TargetLimitReport,Target table,html;csv;png
product_Seral_area_overmature_CWHvm_FDC_HW_L_CC,Targets for product.Seral.area.overmature.CWHvm_FDC_HW_L.CC,ca.spatial.reportwriter.TargetLimitReport,Target table,html;csv;png
product_Seral_area_overmature_CWHvm_FDC_HW_M_CC,Targets for product.Seral.area.overmature.CWHvm_FDC_HW_M.CC,ca.spatial.reportwriter.TargetLimitReport,Target table,html;csv;png
product_Seral_area_overmature_CWHvm_HW_BA_M_CC,Targets for product.Seral.area.overmature.CWHvm_HW_BA_M.CC,ca.spatial.reportwriter.TargetLimitReport,Target table,html;csv;png
product_Seral_area_overmature_CWHvm_HW_CW_H_CC,Targets for product.Seral.area.overmature.CWHvm_HW_CW_H.CC,ca.spatial.reportwriter.TargetLimitReport,Target table,html;csv;png
product_Seral_area_overmature_CWHvm_HW_CW_L_CC,Targets for product.Seral.area.overmature.CWHvm_HW_CW_L.CC,ca.spatial.reportwriter.TargetLimitReport,Target table,html;csv;png
product_Seral_area_overmature_CWHvm_HW_CW_M_CC,Targets for product.Seral.area.overmature.CWHvm_HW_CW_M.CC,ca.spatial.reportwriter.TargetLimitReport,Target table,html;csv;png
product_Seral_area_overmature_CWHvm_HW_FDC_H_CC,Targets for product.Seral.area.overmature.CWHvm_HW_FDC_H.CC,ca.spatial.reportwriter.TargetLimitReport,Target table,html;csv;png
product_Seral_area_overmature_CWHvm_HW_FDC_L_CC,Targets for product.Seral.area.overmature.CWHvm_HW_FDC_L.CC,ca.spatial.reportwriter.TargetLimitReport,Target table,html;csv;png
product_Seral_area_overmature_CWHvm_HW_SS_M_CC,Targets for product.Seral.area.overmature.CWHvm_HW_SS_M.CC,ca.spatial.reportwriter.TargetLimitReport,Target table,html;csv;png
product_Seral_area_regenerating_CWHvm_CW_HW_M_CC,Targets for product.Seral.area.regenerating.CWHvm_CW_HW_M.CC,ca.spatial.reportwriter.TargetLimitReport,Target table,html;csv;png
product_Seral_area_regenerating_CWHvm_CW_PLC_M_CC,Targets for product.Seral.area.regenerating.CWHvm_CW_PLC_M.CC,ca.spatial.reportwriter.TargetLimitReport,Target table,html;csv;png
product_Seral_area_regenerating_CWHvm_CW_YC_M_CC,Targets for product.Seral.area.regenerating.CWHvm_CW_YC_M.CC,ca.spatial.reportwriter.TargetLimitReport,Target table,html;csv;png
product_Seral_area_regenerating_CWHvm_DR_HW_M_CC,Targets for product.Seral.area.regenerating.CWHvm_DR_HW_M.CC,ca.spatial.reportwriter.TargetLimitReport,Target table,html;csv;png
product_Seral_area_regenerating_CWHvm_FDC_HW_H_CC,Targets for product.Seral.area.regenerating.CWHvm_FDC_HW_H.CC,ca.spatial.reportwriter.TargetLimitReport,Target table,html;csv;png
product_Seral_area_regenerating_CWHvm_FDC_HW_L_CC,Targets for product.Seral.area.regenerating.CWHvm_FDC_HW_L.CC,ca.spatial.reportwriter.TargetLimitReport,Target table,html;csv;png
product_Seral_area_regenerating_CWHvm_FDC_HW_M_CC,Targets for product.Seral.area.regenerating.CWHvm_FDC_HW_M.CC,ca.spatial.reportwriter.TargetLimitReport,Target table,html;csv;png
product_Seral_area_regenerating_CWHvm_HW_BA_M_CC,Targets for product.Seral.area.regenerating.CWHvm_HW_BA_M.CC,ca.spatial.reportwriter.TargetLimitReport,Target table,html;csv;png
product_Seral_area_regenerating_CWHvm_HW_CW_H_CC,Targets for product.Seral.area.regenerating.CWHvm_HW_CW_H.CC,ca.spatial.reportwriter.TargetLimitReport,Target table,html;csv;png
product_Seral_area_regenerating_CWHvm_HW_CW_L_CC,Targets for product.Seral.area.regenerating.CWHvm_HW_CW_L.CC,ca.spatial.reportwriter.TargetLimitReport,Target table,html;csv;png
product_Seral_area_regenerating_CWHvm_HW_CW_M_CC,Targets for product.Seral.area.regenerating.CWHvm_HW_CW_M.CC,ca.spatial.reportwriter.TargetLimitReport,Target table,html;csv;png
product_Seral_area_regenerating_CWHvm_HW_FDC_H_CC,Targets for product.Seral.area.regenerating.CWHvm_HW_FDC_H.CC,ca.spatial.reportwriter.TargetLimitReport,Target table,html;csv;png
product_Seral_area_regenerating_CWHvm_HW_FDC_L_CC,Targets for product.Seral.area.regenerating.CWHvm_HW_FDC_L.CC,ca.spatial.reportwriter.TargetLimitReport,Target table,html;csv;png
product_Seral_area_regenerating_CWHvm_HW_SS_M_CC,Targets for product.Seral.area.regenerating.CWHvm_HW_SS_M.CC,ca.spatial.reportwriter.TargetLimitReport,Target table,html;csv;png
product_Seral_area_young_CWHvm_CW_HW_M_CC,Targets for product.Seral.area.young.CWHvm_CW_HW_M.CC,ca.spatial.reportwriter.TargetLimitReport,Target table,html;csv;png
product_Seral_area_young_CWHvm_CW_PLC_M_CC,Targets for product.Seral.area.young.CWHvm_CW_PLC_M.CC,ca.spatial.reportwriter.TargetLimitReport,Target table,html;csv;png
product_Seral_area_young_CWHvm_CW_YC_M_CC,Targets for product.Seral.area.young.CWHvm_CW_YC_M.CC,ca.spatial.reportwriter.TargetLimitReport,Target table,html;csv;png
product_Seral_area_young_CWHvm_DR_HW_M_CC,Targets for product.Seral.area.young.CWHvm_DR_HW_M.CC,ca.spatial.reportwriter.TargetLimitReport,Target table,html;csv;png
product_Seral_area_young_CWHvm_FDC_HW_H_CC,Targets for product.Seral.area.young.CWHvm_FDC_HW_H.CC,ca.spatial.reportwriter.TargetLimitReport,Target table,html;csv;png
product_Seral_area_young_CWHvm_FDC_HW_L_CC,Targets for product.Seral.area.young.CWHvm_FDC_HW_L.CC,ca.spatial.reportwriter.TargetLimitReport,Target table,html;csv;png
product_Seral_area_young_CWHvm_FDC_HW_M_CC,Targets for product.Seral.area.young.CWHvm_FDC_HW_M.CC,ca.spatial.reportwriter.TargetLimitReport,Target table,html;csv;png
product_Seral_area_young_CWHvm_HW_BA_M_CC,Targets for product.Seral.area.young.CWHvm_HW_BA_M.CC,ca.spatial.reportwriter.TargetLimitReport,Target table,html;csv;png
product_Seral_area_young_CWHvm_HW_CW_H_CC,Targets for product.Seral.area.young.CWHvm_HW_CW_H.CC,ca.spatial.reportwriter.TargetLimitReport,Target table,html;csv;png
product_Seral_area_young_CWHvm_HW_CW_L_CC,Targets for product.Seral.area.young.CWHvm_HW_CW_L.CC,ca.spatial.reportwriter.TargetLimitReport,Target table,html;csv;png
product_Seral_area_young_CWHvm_HW_CW_M_CC,Targets for product.Seral.area.young.CWHvm_HW_CW_M.CC,ca.spatial.reportwriter.TargetLimitReport,Target table,html;csv;png
product_Seral_area_young_CWHvm_HW_FDC_H_CC,Targets for product.Seral.area.young.CWHvm_HW_FDC_H.CC,ca.spatial.reportwriter.TargetLimitReport,Target table,html;csv;png
product_Seral_area_young_CWHvm_HW_FDC_L_CC,Targets for product.Seral.area.young.CWHvm_HW_FDC_L.CC,ca.spatial.reportwriter.TargetLimitReport,Target table,html;csv;png
product_Seral_area_young_CWHvm_HW_SS_M_CC,Targets for product.Seral.area.young.CWHvm_HW_SS_M.CC,ca.spatial.reportwriter.TargetLimitReport,Target table,html;csv;png
product_SpeciesProp_managed_BA,Targets for product.SpeciesProp.managed.BA,ca.spatial.reportwriter.TargetLimitReport,Target table,html;csv;png
product_SpeciesProp_managed_CW,Targets for product.SpeciesProp.managed.CW,ca.spatial.reportwriter.TargetLimitReport,Target table,html;csv;png
product_SpeciesProp_managed_FDC,Targets for product.SpeciesProp.managed.FDC,ca.spatial.reportwriter.TargetLimitReport,Target table,html;csv;png
product_SpeciesProp_managed_HW,Targets for product.SpeciesProp.managed.HW,ca.spatial.reportwriter.TargetLimitReport,Target table,html;csv;png
product_SpeciesProp_managed_PLC,Targets for product.SpeciesProp.managed.PLC,ca.spatial.reportwriter.TargetLimitReport,Target table,html;csv;png
product_SpeciesProp_managed_SS,Targets for product.SpeciesProp.managed.SS,ca.spatial.reportwriter.TargetLimitReport,Target table,html;csv;png
product_SpeciesProp_managed_YC,Targets for product.SpeciesProp.managed.YC,ca.spatial.reportwriter.TargetLimitReport,Target table,html;csv;png
product_Treated_managed_CC,Targets for product.Treated.managed.CC,ca.spatial.reportwriter.TargetLimitReport,Target table,html;csv;png
product_Treated_managed_CWHvm_CW_HW_M_CC,Targets for product.Treated.managed.CWHvm_CW_HW_M.CC,ca.spatial.reportwriter.TargetLimitReport,Target table,html;csv;png
product_Treated_managed_CWHvm_CW_PLC_M_CC,Targets for product.Treated.managed.CWHvm_CW_PLC_M.CC,ca.spatial.reportwriter.TargetLimitReport,Target table,html;csv;png
product_Treated_managed_CWHvm_CW_YC_M_CC,Targets for product.Treated.managed.CWHvm_CW_YC_M.CC,ca.spatial.reportwriter.TargetLimitReport,Target table,html;csv;png
product_Treated_managed_CWHvm_DR_HW_M_CC,Targets for product.Treated.managed.CWHvm_DR_HW_M.CC,ca.spatial.reportwriter.TargetLimitReport,Target table,html;csv;png
product_Treated_managed_CWHvm_FDC_HW_H_CC,Targets for product.Treated.managed.CWHvm_FDC_HW_H.CC,ca.spatial.reportwriter.TargetLimitReport,Target table,html;csv;png
product_Treated_managed_CWHvm_FDC_HW_H_PCT,Targets for product.Treated.managed.CWHvm_FDC_HW_H.PCT,ca.spatial.reportwriter.TargetLimitReport,Target table,html;csv;png
product_Treated_managed_CWHvm_FDC_HW_L_CC,Targets for product.Treated.managed.CWHvm_FDC_HW_L.CC,ca.spatial.reportwriter.TargetLimitReport,Target table,html;csv;png
product_Treated_managed_CWHvm_FDC_HW_M_CC,Targets for product.Treated.managed.CWHvm_FDC_HW_M.CC,ca.spatial.reportwriter.TargetLimitReport,Target table,html;csv;png
product_Treated_managed_CWHvm_FDC_HW_M_PCT,Targets for product.Treated.managed.CWHvm_FDC_HW_M.PCT,ca.spatial.reportwriter.TargetLimitReport,Target table,html;csv;png
product_Treated_managed_CWHvm_HW_BA_M_CC,Targets for product.Treated.managed.CWHvm_HW_BA_M.CC,ca.spatial.reportwriter.TargetLimitReport,Target table,html;csv;png
product_Treated_managed_CWHvm_HW_CW_H_CC,Targets for product.Treated.managed.CWHvm_HW_CW_H.CC,ca.spatial.reportwriter.TargetLimitReport,Target table,html;csv;png
product_Treated_managed_CWHvm_HW_CW_L_CC,Targets for product.Treated.managed.CWHvm_HW_CW_L.CC,ca.spatial.reportwriter.TargetLimitReport,Target table,html;csv;png
product_Treated_managed_CWHvm_HW_CW_M_CC,Targets for product.Treated.managed.CWHvm_HW_CW_M.CC,ca.spatial.reportwriter.TargetLimitReport,Target table,html;csv;png
product_Treated_managed_CWHvm_HW_FDC_H_CC,Targets for product.Treated.managed.CWHvm_HW_FDC_H.CC,ca.spatial.reportwriter.TargetLimitReport,Target table,html;csv;png
product_Treated_managed_CWHvm_HW_FDC_H_PCT,Targets for product.Treated.managed.CWHvm_HW_FDC_H.PCT,ca.spatial.reportwriter.TargetLimitReport,Target table,html;csv;png
product_Treated_managed_CWHvm_HW_FDC_L_CC,Targets for product.Treated.managed.CWHvm_HW_FDC_L.CC,ca.spatial.reportwriter.TargetLimitReport,Target table,html;csv;png
product_Treated_managed_CWHvm_HW_SS_M_CC,Targets for product.Treated.managed.CWHvm_HW_SS_M.CC,ca.spatial.reportwriter.TargetLimitReport,Target table,html;csv;png
product_Treated_managed_PCT,Targets for product.Treated.managed.PCT,ca.spatial.reportwriter.TargetLimitReport,Target table,html;csv;png
product_Yield_managed_BA,Targets for product.Yield.managed.BA,ca.spatial.reportwriter.TargetLimitReport,Target table,html;csv;png
product_Yield_managed_CW,Targets for product.Yield.managed.CW,ca.spatial.reportwriter.TargetLimitReport,Target table,html;csv;png
product_Yield_managed_FDC,Targets for product.Yield.managed.FDC,ca.spatial.reportwriter.TargetLimitReport,Target table,html;csv;png
product_Yield_managed_HW,Targets for product.Yield.managed.HW,ca.spatial.reportwriter.TargetLimitReport,Target table,html;csv;png
product_Yield_managed_SS,Targets for product.Yield.managed.SS,ca.spatial.reportwriter.TargetLimitReport,Target table,html;csv;png
product_Yield_managed_Total,Targets for product.Yield.managed.Total,ca.spatial.reportwriter.TargetLimitReport,Target table,html;csv;png
product_Yield_managed_YC,Targets for product.Yield.managed.YC,ca.spatial.reportwriter.TargetLimitReport,Target table,html;csv;png
value_cost_PCT,Targets for value.cost.PCT,ca.spatial.reportwriter.TargetLimitReport,Target table,html;csv;png
value_cost_harvest,Targets for value.cost.harvest,ca.spatial.reportwriter.TargetLimitReport,Target table,html;csv;png
value_cost_total,Targets for value.cost.total,ca.spatial.reportwriter.TargetLimitReport,Target table,html;csv;png
value_grevenue_BA,Targets for value.grevenue.BA,ca.spatial.reportwriter.TargetLimitReport,Target table,html;csv;png
value_grevenue_CW,Targets for value.grevenue.CW,ca.spatial.reportwriter.TargetLimitReport,Target table,html;csv;png
value_grevenue_FDC,Targets for value.grevenue.FDC,ca.spatial.reportwriter.TargetLimitReport,Target table,html;csv;png
value_grevenue_HW,Targets for value.grevenue.HW,ca.spatial.reportwriter.TargetLimitReport,Target table,html;csv;png
value_grevenue_SS,Targets for value.grevenue.SS,ca.spatial.reportwriter.TargetLimitReport,Target table,html;csv;png
value_grevenue_YC,Targets for value.grevenue.YC,ca.spatial.reportwriter.TargetLimitReport,Target table,html;csv;png
value_grevenue_total,Targets for value.grevenue.total,ca.spatial.reportwriter.TargetLimitReport,Target table,html;csv;png
value_nrevenue_total,Targets for value.nrevenue.total,ca.spatial.reportwriter.TargetLimitReport,Target table,html;csv;png
value_standing_BA,Targets for value.standing.BA,ca.spatial.reportwriter.TargetLimitReport,Target table,html;csv;png
value_standing_CW,Targets for value.standing.CW,ca.spatial.reportwriter.TargetLimitReport,Target table,html;csv;png
value_standing_FDC,Targets for value.standing.FDC,ca.spatial.reportwriter.TargetLimitReport,Target table,html;csv;png
value_standing_HW,Targets for value.standing.HW,ca.spatial.reportwriter.TargetLimitReport,Target table,html;csv;png
value_standing_SS,Targets for value.standing.SS,ca.spatial.reportwriter.TargetLimitReport,Target table,html;csv;png
value_standing_YC,Targets for value.standing.YC,ca.spatial.reportwriter.TargetLimitReport,Target table,html;csv;png
value_standing_total,Targets for value.standing.total,ca.spatial.reportwriter.TargetLimitReport,Target table,html;csv;png
value_stumpage_BA,Targets for value.stumpage.BA,ca.spatial.reportwriter.TargetLimitReport,Target table,html;csv;png
value_stumpage_CW,Targets for value.stumpage.CW,ca.spatial.reportwriter.TargetLimitReport,Target table,html;csv;png
value_stumpage_FDC,Targets for value.stumpage.FDC,ca.spatial.reportwriter.TargetLimitReport,Target table,html;csv;png
value_stumpage_HW,Targets for value.stumpage.HW,ca.spatial.reportwriter.TargetLimitReport,Target table,html;csv;png
value_stumpage_SS,Targets for value.stumpage.SS,ca.spatial.reportwriter.TargetLimitReport,Target table,html;csv;png
value_stumpage_YC,Targets for value.stumpage.YC,ca.spatial.reportwriter.TargetLimitReport,Target table,html;csv;png
value_stumpage_total,Targets for value.stumpage.total,ca.spatial.reportwriter.TargetLimitReport,Target table,html;csv;png
