TRACK,STRATA
1,1.0 x 0+treatment()+AU(985502004)+IFM(unmanaged)+ORIGIN(planted)+SILV_STATE(cc_pl)+RETENTION(0.283129300487711)
2,1.0 x 0+treatment()+AU(985502004)+IFM(managed)+ORIGIN(planted)+SILV_STATE(cc_pl)+RETENTION(0.283129300487711)
3,1.0 x 0+treatment()+AU(985503001)+IFM(unmanaged)+ORIGIN(planted)+SILV_STATE(cc_pl)+RETENTION(0.039019789881704)
4,1.0 x 0+treatment()+AU(985503001)+IFM(managed)+ORIGIN(planted)+SILV_STATE(cc_pl)+RETENTION(0.039019789881704)
5,1.0 x 0+treatment()+AU(985503001)+IFM(managed)+ORIGIN(planted)+SILV_STATE(cc_pl_pct)+RETENTION(0.039019789881704)
6,1.0 x 0+treatment()+AU(985502003)+IFM(unmanaged)+ORIGIN(planted)+SILV_STATE(cc_pl)+RETENTION(0.512408452505879)
7,1.0 x 0+treatment()+AU(985502003)+IFM(managed)+ORIGIN(planted)+SILV_STATE(cc_pl)+RETENTION(0.512408452505879)
8,1.0 x 0+treatment()+AU(985503000)+IFM(unmanaged)+ORIGIN(planted)+SILV_STATE(cc_pl)+RETENTION(0.035)
9,1.0 x 0+treatment()+AU(985503000)+IFM(managed)+ORIGIN(planted)+SILV_STATE(cc_pl)+RETENTION(0.035)
10,1.0 x 0+treatment()+AU(985503000)+IFM(managed)+ORIGIN(planted)+SILV_STATE(cc_pl_pct)+RETENTION(0.035)
11,1.0 x 0+treatment()+AU(985502004)+IFM(unmanaged)+ORIGIN(planted)+SILV_STATE(cc_pl)+RETENTION(0.796602216511551)
12,1.0 x 0+treatment()+AU(985502004)+IFM(managed)+ORIGIN(planted)+SILV_STATE(cc_pl)+RETENTION(0.796602216511551)
13,1.0 x 0+treatment()+AU(985501003)+IFM(unmanaged)+ORIGIN(natural)+SILV_STATE(baseline)+RETENTION(0.035)
14,1.0 x 0+treatment()+AU(985501003)+IFM(managed)+ORIGIN(natural)+SILV_STATE(baseline)+RETENTION(0.035)
15,1.0 x 0+treatment()+AU(985501003)+IFM(managed)+ORIGIN(planted)+SILV_STATE(cc_pl)+RETENTION(0.035)
16,1.0 x 0+treatment()+AU(985501001)+IFM(unmanaged)+ORIGIN(planted)+SILV_STATE(cc_pl)+RETENTION(0.116642935971085)
17,1.0 x 0+treatment()+AU(985501001)+IFM(managed)+ORIGIN(planted)+SILV_STATE(cc_pl)+RETENTION(0.116642935971085)
18,1.0 x 0+treatment()+AU(985502002)+IFM(unmanaged)+ORIGIN(natural)+SILV_STATE(baseline)+RETENTION(1.0)
19,1.0 x 0+treatment()+AU(985503000)+IFM(unmanaged)+ORIGIN(planted)+SILV_STATE(cc_pl)+RETENTION(0.357432909692421)
20,1.0 x 0+treatment()+AU(985503000)+IFM(managed)+ORIGIN(planted)+SILV_STATE(cc_pl)+RETENTION(0.357432909692421)
21,1.0 x 0+treatment()+AU(985503000)+IFM(managed)+ORIGIN(planted)+SILV_STATE(cc_pl_pct)+RETENTION(0.357432909692421)
22,1.0 x 0+treatment()+AU(985501000)+IFM(unmanaged)+ORIGIN(planted)+SILV_STATE(cc_pl)+RETENTION(0.035)
23,1.0 x 0+treatment()+AU(985501000)+IFM(managed)+ORIGIN(planted)+SILV_STATE(cc_pl)+RETENTION(0.035)
24,1.0 x 0+treatment()+AU(985502001)+IFM(unmanaged)+ORIGIN(planted)+SILV_STATE(cc_pl)+RETENTION(0.078993153077767)
25,1.0 x 0+treatment()+AU(985502001)+IFM(managed)+ORIGIN(planted)+SILV_STATE(cc_pl)+RETENTION(0.078993153077767)
26,1.0 x 0+treatment()+AU(985502001)+IFM(managed)+ORIGIN(planted)+SILV_STATE(cc_pl_pct)+RETENTION(0.078993153077767)
27,1.0 x 0+treatment()+AU(985503000)+IFM(unmanaged)+ORIGIN(planted)+SILV_STATE(cc_pl)+RETENTION(0.297907188102052)
28,1.0 x 0+treatment()+AU(985503000)+IFM(managed)+ORIGIN(planted)+SILV_STATE(cc_pl)+RETENTION(0.297907188102052)
29,1.0 x 0+treatment()+AU(985503000)+IFM(managed)+ORIGIN(planted)+SILV_STATE(cc_pl_pct)+RETENTION(0.297907188102052)
30,1.0 x 0+treatment()+AU(985502001)+IFM(unmanaged)+ORIGIN(planted)+SILV_STATE(cc_pl)+RETENTION(0.063746865421162)
31,1.0 x 0+treatment()+AU(985502001)+IFM(managed)+ORIGIN(planted)+SILV_STATE(cc_pl)+RETENTION(0.063746865421162)
32,1.0 x 0+treatment()+AU(985502001)+IFM(managed)+ORIGIN(planted)+SILV_STATE(cc_pl_pct)+RETENTION(0.063746865421162)
33,1.0 x 0+treatment()+AU(985503003)+IFM(unmanaged)+ORIGIN(natural)+SILV_STATE(baseline)+RETENTION(0.101176883880507)
34,1.0 x 0+treatment()+AU(985503003)+IFM(managed)+ORIGIN(natural)+SILV_STATE(baseline)+RETENTION(0.101176883880507)
35,1.0 x 0+treatment()+AU(985503003)+IFM(managed)+ORIGIN(planted)+SILV_STATE(cc_pl)+RETENTION(0.101176883880507)
36,1.0 x 0+treatment()+AU(985502002)+IFM(unmanaged)+ORIGIN(natural)+SILV_STATE(baseline)+RETENTION(0.035)
37,1.0 x 0+treatment()+AU(985502002)+IFM(managed)+ORIGIN(natural)+SILV_STATE(baseline)+RETENTION(0.035)
38,1.0 x 0+treatment()+AU(985502002)+IFM(managed)+ORIGIN(planted)+SILV_STATE(cc_pl)+RETENTION(0.035)
39,1.0 x 0+treatment()+AU(985501000)+IFM(unmanaged)+ORIGIN(natural)+SILV_STATE(baseline)+RETENTION(0.294339873260526)
40,1.0 x 0+treatment()+AU(985501000)+IFM(managed)+ORIGIN(natural)+SILV_STATE(baseline)+RETENTION(0.294339873260526)
41,1.0 x 0+treatment()+AU(985501000)+IFM(managed)+ORIGIN(planted)+SILV_STATE(cc_pl)+RETENTION(0.294339873260526)
42,1.0 x 0+treatment()+AU(985502003)+IFM(unmanaged)+ORIGIN(natural)+SILV_STATE(baseline)+RETENTION(0.670257292405503)
43,1.0 x 0+treatment()+AU(985502003)+IFM(managed)+ORIGIN(natural)+SILV_STATE(baseline)+RETENTION(0.670257292405503)
44,1.0 x 0+treatment()+AU(985502003)+IFM(managed)+ORIGIN(planted)+SILV_STATE(cc_pl)+RETENTION(0.670257292405503)
45,1.0 x 0+treatment()+AU(985503001)+IFM(unmanaged)+ORIGIN(planted)+SILV_STATE(cc_pl)+RETENTION(0.035)
46,1.0 x 0+treatment()+AU(985503001)+IFM(managed)+ORIGIN(planted)+SILV_STATE(cc_pl)+RETENTION(0.035)
47,1.0 x 0+treatment()+AU(985503001)+IFM(managed)+ORIGIN(planted)+SILV_STATE(cc_pl_pct)+RETENTION(0.035)
48,1.0 x 0+treatment()+AU(985503000)+IFM(unmanaged)+ORIGIN(natural)+SILV_STATE(baseline)+RETENTION(0.094658756466889)
49,1.0 x 0+treatment()+AU(985503000)+IFM(managed)+ORIGIN(natural)+SILV_STATE(baseline)+RETENTION(0.094658756466889)
50,1.0 x 0+treatment()+AU(985503000)+IFM(managed)+ORIGIN(planted)+SILV_STATE(cc_pl)+RETENTION(0.094658756466889)
51,1.0 x 0+treatment()+AU(985503000)+IFM(managed)+ORIGIN(planted)+SILV_STATE(cc_pl_pct)+RETENTION(0.094658756466889)
52,1.0 x 0+treatment()+AU(985501000)+IFM(unmanaged)+ORIGIN(natural)+SILV_STATE(baseline)+RETENTION(0.083429829930807)
53,1.0 x 0+treatment()+AU(985501000)+IFM(managed)+ORIGIN(natural)+SILV_STATE(baseline)+RETENTION(0.083429829930807)
54,1.0 x 0+treatment()+AU(985501000)+IFM(managed)+ORIGIN(planted)+SILV_STATE(cc_pl)+RETENTION(0.083429829930807)
55,1.0 x 0+treatment()+AU(985502006)+IFM(unmanaged)+ORIGIN(natural)+SILV_STATE(baseline)+RETENTION(1.0)
56,1.0 x 0+treatment()+AU(985501000)+IFM(unmanaged)+ORIGIN(planted)+SILV_STATE(cc_pl)+RETENTION(0.340040308561643)
57,1.0 x 0+treatment()+AU(985501000)+IFM(managed)+ORIGIN(planted)+SILV_STATE(cc_pl)+RETENTION(0.340040308561643)
58,1.0 x 0+treatment()+AU(985503000)+IFM(unmanaged)+ORIGIN(planted)+SILV_STATE(cc_pl)+RETENTION(0.045344228314493)
59,1.0 x 0+treatment()+AU(985503000)+IFM(managed)+ORIGIN(planted)+SILV_STATE(cc_pl)+RETENTION(0.045344228314493)
60,1.0 x 0+treatment()+AU(985503000)+IFM(managed)+ORIGIN(planted)+SILV_STATE(cc_pl_pct)+RETENTION(0.045344228314493)
61,1.0 x 0+treatment()+AU(985502007)+IFM(unmanaged)+ORIGIN(natural)+SILV_STATE(baseline)+RETENTION(0.279581043563297)
62,1.0 x 0+treatment()+AU(985502007)+IFM(managed)+ORIGIN(natural)+SILV_STATE(baseline)+RETENTION(0.279581043563297)
63,1.0 x 0+treatment()+AU(985502007)+IFM(managed)+ORIGIN(planted)+SILV_STATE(cc_pl)+RETENTION(0.279581043563297)
64,1.0 x 0+treatment()+AU(985502001)+IFM(unmanaged)+ORIGIN(planted)+SILV_STATE(cc_pl)+RETENTION(0.035)
65,1.0 x 0+treatment()+AU(985502001)+IFM(managed)+ORIGIN(planted)+SILV_STATE(cc_pl)+RETENTION(0.035)
66,1.0 x 0+treatment()+AU(985502001)+IFM(managed)+ORIGIN(planted)+SILV_STATE(cc_pl_pct)+RETENTION(0.035)
67,1.0 x 0+treatment()+AU(985503000)+IFM(unmanaged)+ORIGIN(planted)+SILV_STATE(cc_pl)+RETENTION(0.161074795426115)
68,1.0 x 0+treatment()+AU(985503000)+IFM(managed)+ORIGIN(planted)+SILV_STATE(cc_pl)+RETENTION(0.161074795426115)
69,1.0 x 0+treatment()+AU(985503000)+IFM(managed)+ORIGIN(planted)+SILV_STATE(cc_pl_pct)+RETENTION(0.161074795426115)
70,1.0 x 0+treatment()+AU(985503003)+IFM(unmanaged)+ORIGIN(natural)+SILV_STATE(baseline)+RETENTION(0.497101452628146)
71,1.0 x 0+treatment()+AU(985503003)+IFM(managed)+ORIGIN(natural)+SILV_STATE(baseline)+RETENTION(0.497101452628146)
72,1.0 x 0+treatment()+AU(985503003)+IFM(managed)+ORIGIN(planted)+SILV_STATE(cc_pl)+RETENTION(0.497101452628146)
73,1.0 x 0+treatment()+AU(985501001)+IFM(unmanaged)+ORIGIN(natural)+SILV_STATE(baseline)+RETENTION(0.040950023928988)
74,1.0 x 0+treatment()+AU(985501001)+IFM(managed)+ORIGIN(natural)+SILV_STATE(baseline)+RETENTION(0.040950023928988)
75,1.0 x 0+treatment()+AU(985501001)+IFM(managed)+ORIGIN(planted)+SILV_STATE(cc_pl)+RETENTION(0.040950023928988)
76,1.0 x 0+treatment()+AU(985501003)+IFM(unmanaged)+ORIGIN(natural)+SILV_STATE(baseline)+RETENTION(0.795168603959491)
77,1.0 x 0+treatment()+AU(985501003)+IFM(managed)+ORIGIN(natural)+SILV_STATE(baseline)+RETENTION(0.795168603959491)
78,1.0 x 0+treatment()+AU(985501003)+IFM(managed)+ORIGIN(planted)+SILV_STATE(cc_pl)+RETENTION(0.795168603959491)
79,1.0 x 0+treatment()+AU(985502003)+IFM(unmanaged)+ORIGIN(natural)+SILV_STATE(baseline)+RETENTION(0.035)
80,1.0 x 0+treatment()+AU(985502003)+IFM(managed)+ORIGIN(natural)+SILV_STATE(baseline)+RETENTION(0.035)
81,1.0 x 0+treatment()+AU(985502003)+IFM(managed)+ORIGIN(planted)+SILV_STATE(cc_pl)+RETENTION(0.035)
82,1.0 x 0+treatment()+AU(985502002)+IFM(unmanaged)+ORIGIN(planted)+SILV_STATE(cc_pl)+RETENTION(0.035)
83,1.0 x 0+treatment()+AU(985503000)+IFM(unmanaged)+ORIGIN(planted)+SILV_STATE(cc_pl)+RETENTION(0.047770491905831)
84,1.0 x 0+treatment()+AU(985503000)+IFM(managed)+ORIGIN(planted)+SILV_STATE(cc_pl)+RETENTION(0.047770491905831)
85,1.0 x 0+treatment()+AU(985503000)+IFM(managed)+ORIGIN(planted)+SILV_STATE(cc_pl_pct)+RETENTION(0.047770491905831)
86,1.0 x 0+treatment()+AU(985501000)+IFM(unmanaged)+ORIGIN(natural)+SILV_STATE(baseline)+RETENTION(0.226425461344206)
87,1.0 x 0+treatment()+AU(985501000)+IFM(managed)+ORIGIN(natural)+SILV_STATE(baseline)+RETENTION(0.226425461344206)
88,1.0 x 0+treatment()+AU(985501000)+IFM(managed)+ORIGIN(planted)+SILV_STATE(cc_pl)+RETENTION(0.226425461344206)
89,1.0 x 0+treatment()+AU(985501001)+IFM(unmanaged)+ORIGIN(planted)+SILV_STATE(cc_pl)+RETENTION(0.035)
90,1.0 x 0+treatment()+AU(985501001)+IFM(managed)+ORIGIN(planted)+SILV_STATE(cc_pl)+RETENTION(0.035)
91,1.0 x 0+treatment()+AU(985501000)+IFM(unmanaged)+ORIGIN(natural)+SILV_STATE(baseline)+RETENTION(0.035)
92,1.0 x 0+treatment()+AU(985501000)+IFM(managed)+ORIGIN(natural)+SILV_STATE(baseline)+RETENTION(0.035)
93,1.0 x 0+treatment()+AU(985501003)+IFM(unmanaged)+ORIGIN(natural)+SILV_STATE(baseline)+RETENTION(0.089446694663384)
94,1.0 x 0+treatment()+AU(985501003)+IFM(managed)+ORIGIN(natural)+SILV_STATE(baseline)+RETENTION(0.089446694663384)
95,1.0 x 0+treatment()+AU(985501003)+IFM(managed)+ORIGIN(planted)+SILV_STATE(cc_pl)+RETENTION(0.089446694663384)
96,1.0 x 0+treatment()+AU(985502004)+IFM(unmanaged)+ORIGIN(planted)+SILV_STATE(cc_pl)+RETENTION(0.179126780072567)
97,1.0 x 0+treatment()+AU(985502004)+IFM(managed)+ORIGIN(planted)+SILV_STATE(cc_pl)+RETENTION(0.179126780072567)
98,1.0 x 0+treatment()+AU(985501001)+IFM(unmanaged)+ORIGIN(planted)+SILV_STATE(cc_pl)+RETENTION(0.11179494433963)
99,1.0 x 0+treatment()+AU(985501001)+IFM(managed)+ORIGIN(planted)+SILV_STATE(cc_pl)+RETENTION(0.11179494433963)
100,1.0 x 0+treatment()+AU(985503003)+IFM(unmanaged)+ORIGIN(natural)+SILV_STATE(baseline)+RETENTION(0.035)
101,1.0 x 0+treatment()+AU(985503003)+IFM(managed)+ORIGIN(natural)+SILV_STATE(baseline)+RETENTION(0.035)
102,1.0 x 0+treatment()+AU(985503003)+IFM(managed)+ORIGIN(planted)+SILV_STATE(cc_pl)+RETENTION(0.035)
103,1.0 x 0+treatment()+AU(985502002)+IFM(unmanaged)+ORIGIN(natural)+SILV_STATE(baseline)+RETENTION(0.825222811817728)
104,1.0 x 0+treatment()+AU(985502002)+IFM(managed)+ORIGIN(natural)+SILV_STATE(baseline)+RETENTION(0.825222811817728)
105,1.0 x 0+treatment()+AU(985502002)+IFM(managed)+ORIGIN(planted)+SILV_STATE(cc_pl)+RETENTION(0.825222811817728)
106,1.0 x 0+treatment()+AU(985502004)+IFM(unmanaged)+ORIGIN(planted)+SILV_STATE(cc_pl)+RETENTION(0.715073525371983)
107,1.0 x 0+treatment()+AU(985502004)+IFM(managed)+ORIGIN(planted)+SILV_STATE(cc_pl)+RETENTION(0.715073525371983)
108,1.0 x 0+treatment()+AU(985502004)+IFM(unmanaged)+ORIGIN(planted)+SILV_STATE(cc_pl)+RETENTION(0.565949293976324)
109,1.0 x 0+treatment()+AU(985502004)+IFM(managed)+ORIGIN(planted)+SILV_STATE(cc_pl)+RETENTION(0.565949293976324)
110,1.0 x 0+treatment()+AU(985501001)+IFM(unmanaged)+ORIGIN(planted)+SILV_STATE(cc_pl)+RETENTION(0.177146481856507)
111,1.0 x 0+treatment()+AU(985501001)+IFM(managed)+ORIGIN(planted)+SILV_STATE(cc_pl)+RETENTION(0.177146481856507)
112,1.0 x 0+treatment()+AU(985502002)+IFM(unmanaged)+ORIGIN(natural)+SILV_STATE(baseline)+RETENTION(0.282280865427848)
113,1.0 x 0+treatment()+AU(985502002)+IFM(managed)+ORIGIN(natural)+SILV_STATE(baseline)+RETENTION(0.282280865427848)
114,1.0 x 0+treatment()+AU(985502002)+IFM(managed)+ORIGIN(planted)+SILV_STATE(cc_pl)+RETENTION(0.282280865427848)
115,1.0 x 0+treatment()+AU(985502008)+IFM(unmanaged)+ORIGIN(natural)+SILV_STATE(baseline)+RETENTION(1.0)
116,1.0 x 0+treatment()+AU(985503000)+IFM(unmanaged)+ORIGIN(natural)+SILV_STATE(baseline)+RETENTION(0.035)
117,1.0 x 0+treatment()+AU(985503000)+IFM(managed)+ORIGIN(natural)+SILV_STATE(baseline)+RETENTION(0.035)
118,1.0 x 0+treatment()+AU(985502002)+IFM(unmanaged)+ORIGIN(natural)+SILV_STATE(baseline)+RETENTION(0.281513567409352)
119,1.0 x 0+treatment()+AU(985502002)+IFM(managed)+ORIGIN(natural)+SILV_STATE(baseline)+RETENTION(0.281513567409352)
120,1.0 x 0+treatment()+AU(985502002)+IFM(managed)+ORIGIN(planted)+SILV_STATE(cc_pl)+RETENTION(0.281513567409352)
121,1.0 x 0+treatment()+AU(985503000)+IFM(unmanaged)+ORIGIN(planted)+SILV_STATE(cc_pl)+RETENTION(0.595791786279342)
122,1.0 x 0+treatment()+AU(985503000)+IFM(managed)+ORIGIN(planted)+SILV_STATE(cc_pl)+RETENTION(0.595791786279342)
123,1.0 x 0+treatment()+AU(985503000)+IFM(managed)+ORIGIN(planted)+SILV_STATE(cc_pl_pct)+RETENTION(0.595791786279342)
124,1.0 x 0+treatment()+AU(985503000)+IFM(unmanaged)+ORIGIN(planted)+SILV_STATE(cc_pl)+RETENTION(0.501422323682337)
125,1.0 x 0+treatment()+AU(985503000)+IFM(managed)+ORIGIN(planted)+SILV_STATE(cc_pl)+RETENTION(0.501422323682337)
126,1.0 x 0+treatment()+AU(985503000)+IFM(managed)+ORIGIN(planted)+SILV_STATE(cc_pl_pct)+RETENTION(0.501422323682337)
127,1.0 x 0+treatment()+AU(985501000)+IFM(unmanaged)+ORIGIN(planted)+SILV_STATE(cc_pl)+RETENTION(0.122079092444068)
128,1.0 x 0+treatment()+AU(985501000)+IFM(managed)+ORIGIN(planted)+SILV_STATE(cc_pl)+RETENTION(0.122079092444068)
129,1.0 x 0+treatment()+AU(985502002)+IFM(unmanaged)+ORIGIN(natural)+SILV_STATE(baseline)+RETENTION(0.162590585993911)
130,1.0 x 0+treatment()+AU(985502002)+IFM(managed)+ORIGIN(natural)+SILV_STATE(baseline)+RETENTION(0.162590585993911)
131,1.0 x 0+treatment()+AU(985502002)+IFM(managed)+ORIGIN(planted)+SILV_STATE(cc_pl)+RETENTION(0.162590585993911)
132,1.0 x 0+treatment()+AU(985502001)+IFM(unmanaged)+ORIGIN(natural)+SILV_STATE(baseline)+RETENTION(0.326381380930685)
133,1.0 x 0+treatment()+AU(985502001)+IFM(managed)+ORIGIN(natural)+SILV_STATE(baseline)+RETENTION(0.326381380930685)
134,1.0 x 0+treatment()+AU(985502001)+IFM(managed)+ORIGIN(planted)+SILV_STATE(cc_pl)+RETENTION(0.326381380930685)
135,1.0 x 0+treatment()+AU(985502001)+IFM(managed)+ORIGIN(planted)+SILV_STATE(cc_pl_pct)+RETENTION(0.326381380930685)
136,1.0 x 0+treatment()+AU(985501001)+IFM(unmanaged)+ORIGIN(natural)+SILV_STATE(baseline)+RETENTION(1.0)
137,1.0 x 0+treatment()+AU(985503000)+IFM(unmanaged)+ORIGIN(planted)+SILV_STATE(cc_pl)+RETENTION(0.581197300518106)
138,1.0 x 0+treatment()+AU(985503000)+IFM(managed)+ORIGIN(planted)+SILV_STATE(cc_pl)+RETENTION(0.581197300518106)
139,1.0 x 0+treatment()+AU(985503000)+IFM(managed)+ORIGIN(planted)+SILV_STATE(cc_pl_pct)+RETENTION(0.581197300518106)
140,1.0 x 0+treatment()+AU(985502002)+IFM(unmanaged)+ORIGIN(planted)+SILV_STATE(cc_pl)+RETENTION(0.223464870626845)
141,1.0 x 0+treatment()+AU(985502002)+IFM(managed)+ORIGIN(planted)+SILV_STATE(cc_pl)+RETENTION(0.223464870626845)
142,1.0 x 0+treatment()+AU(985501000)+IFM(unmanaged)+ORIGIN(natural)+SILV_STATE(baseline)+RETENTION(0.078365529059234)
143,1.0 x 0+treatment()+AU(985501000)+IFM(managed)+ORIGIN(natural)+SILV_STATE(baseline)+RETENTION(0.078365529059234)
144,1.0 x 0+treatment()+AU(985501000)+IFM(managed)+ORIGIN(planted)+SILV_STATE(cc_pl)+RETENTION(0.078365529059234)
145,1.0 x 0+treatment()+AU(985503000)+IFM(unmanaged)+ORIGIN(planted)+SILV_STATE(cc_pl)+RETENTION(0.691962124571385)
146,1.0 x 0+treatment()+AU(985503000)+IFM(managed)+ORIGIN(planted)+SILV_STATE(cc_pl)+RETENTION(0.691962124571385)
147,1.0 x 0+treatment()+AU(985503000)+IFM(managed)+ORIGIN(planted)+SILV_STATE(cc_pl_pct)+RETENTION(0.691962124571385)
148,1.0 x 0+treatment()+AU(985503003)+IFM(unmanaged)+ORIGIN(natural)+SILV_STATE(baseline)+RETENTION(0.610979902530386)
149,1.0 x 0+treatment()+AU(985503003)+IFM(managed)+ORIGIN(natural)+SILV_STATE(baseline)+RETENTION(0.610979902530386)
150,1.0 x 0+treatment()+AU(985503003)+IFM(managed)+ORIGIN(planted)+SILV_STATE(cc_pl)+RETENTION(0.610979902530386)
151,1.0 x 0+treatment()+AU(985502002)+IFM(unmanaged)+ORIGIN(natural)+SILV_STATE(baseline)+RETENTION(0.874630288290976)
152,1.0 x 0+treatment()+AU(985502002)+IFM(managed)+ORIGIN(natural)+SILV_STATE(baseline)+RETENTION(0.874630288290976)
153,1.0 x 0+treatment()+AU(985502002)+IFM(managed)+ORIGIN(planted)+SILV_STATE(cc_pl)+RETENTION(0.874630288290976)
154,1.0 x 0+treatment()+AU(985503003)+IFM(unmanaged)+ORIGIN(planted)+SILV_STATE(cc_pl)+RETENTION(0.035)
155,1.0 x 0+treatment()+AU(985502003)+IFM(unmanaged)+ORIGIN(natural)+SILV_STATE(baseline)+RETENTION(0.114577176477186)
156,1.0 x 0+treatment()+AU(985502003)+IFM(managed)+ORIGIN(natural)+SILV_STATE(baseline)+RETENTION(0.114577176477186)
157,1.0 x 0+treatment()+AU(985502003)+IFM(managed)+ORIGIN(planted)+SILV_STATE(cc_pl)+RETENTION(0.114577176477186)
158,1.0 x 0+treatment()+AU(985503000)+IFM(unmanaged)+ORIGIN(planted)+SILV_STATE(cc_pl)+RETENTION(0.301627962835364)
159,1.0 x 0+treatment()+AU(985503000)+IFM(managed)+ORIGIN(planted)+SILV_STATE(cc_pl)+RETENTION(0.301627962835364)
160,1.0 x 0+treatment()+AU(985503000)+IFM(managed)+ORIGIN(planted)+SILV_STATE(cc_pl_pct)+RETENTION(0.301627962835364)
161,1.0 x 0+treatment()+AU(985501000)+IFM(unmanaged)+ORIGIN(planted)+SILV_STATE(cc_pl)+RETENTION(0.070347781261467)
162,1.0 x 0+treatment()+AU(985501000)+IFM(managed)+ORIGIN(planted)+SILV_STATE(cc_pl)+RETENTION(0.070347781261467)
163,1.0 x 0+treatment()+AU(985503000)+IFM(unmanaged)+ORIGIN(natural)+SILV_STATE(baseline)+RETENTION(0.38787045574894)
164,1.0 x 0+treatment()+AU(985503000)+IFM(managed)+ORIGIN(natural)+SILV_STATE(baseline)+RETENTION(0.38787045574894)
165,1.0 x 0+treatment()+AU(985503000)+IFM(managed)+ORIGIN(planted)+SILV_STATE(cc_pl)+RETENTION(0.38787045574894)
166,1.0 x 0+treatment()+AU(985503000)+IFM(managed)+ORIGIN(planted)+SILV_STATE(cc_pl_pct)+RETENTION(0.38787045574894)
167,1.0 x 0+treatment()+AU(985502007)+IFM(unmanaged)+ORIGIN(natural)+SILV_STATE(baseline)+RETENTION(0.318435268261237)
168,1.0 x 0+treatment()+AU(985502007)+IFM(managed)+ORIGIN(natural)+SILV_STATE(baseline)+RETENTION(0.318435268261237)
169,1.0 x 0+treatment()+AU(985502007)+IFM(managed)+ORIGIN(planted)+SILV_STATE(cc_pl)+RETENTION(0.318435268261237)
170,1.0 x 0+treatment()+AU(985502002)+IFM(unmanaged)+ORIGIN(natural)+SILV_STATE(baseline)+RETENTION(0.30017286652235)
171,1.0 x 0+treatment()+AU(985502002)+IFM(managed)+ORIGIN(natural)+SILV_STATE(baseline)+RETENTION(0.30017286652235)
172,1.0 x 0+treatment()+AU(985502002)+IFM(managed)+ORIGIN(planted)+SILV_STATE(cc_pl)+RETENTION(0.30017286652235)
173,1.0 x 0+treatment()+AU(985503001)+IFM(unmanaged)+ORIGIN(planted)+SILV_STATE(cc_pl)+RETENTION(0.215510706603254)
174,1.0 x 0+treatment()+AU(985503001)+IFM(managed)+ORIGIN(planted)+SILV_STATE(cc_pl)+RETENTION(0.215510706603254)
175,1.0 x 0+treatment()+AU(985503001)+IFM(managed)+ORIGIN(planted)+SILV_STATE(cc_pl_pct)+RETENTION(0.215510706603254)
176,1.0 x 0+treatment()+AU(985501003)+IFM(unmanaged)+ORIGIN(natural)+SILV_STATE(baseline)+RETENTION(0.765111328934803)
177,1.0 x 0+treatment()+AU(985501003)+IFM(managed)+ORIGIN(natural)+SILV_STATE(baseline)+RETENTION(0.765111328934803)
178,1.0 x 0+treatment()+AU(985501003)+IFM(managed)+ORIGIN(planted)+SILV_STATE(cc_pl)+RETENTION(0.765111328934803)
179,1.0 x 0+treatment()+AU(985502001)+IFM(unmanaged)+ORIGIN(planted)+SILV_STATE(cc_pl)+RETENTION(0.047528581136063)
180,1.0 x 0+treatment()+AU(985502001)+IFM(managed)+ORIGIN(planted)+SILV_STATE(cc_pl)+RETENTION(0.047528581136063)
181,1.0 x 0+treatment()+AU(985502001)+IFM(managed)+ORIGIN(planted)+SILV_STATE(cc_pl_pct)+RETENTION(0.047528581136063)
182,1.0 x 0+treatment()+AU(985502002)+IFM(unmanaged)+ORIGIN(natural)+SILV_STATE(baseline)+RETENTION(0.145812436284451)
183,1.0 x 0+treatment()+AU(985502002)+IFM(managed)+ORIGIN(natural)+SILV_STATE(baseline)+RETENTION(0.145812436284451)
184,1.0 x 0+treatment()+AU(985502002)+IFM(managed)+ORIGIN(planted)+SILV_STATE(cc_pl)+RETENTION(0.145812436284451)
185,1.0 x 0+treatment()+AU(985502008)+IFM(unmanaged)+ORIGIN(natural)+SILV_STATE(baseline)+RETENTION(0.99)
186,1.0 x 0+treatment()+AU(985502008)+IFM(managed)+ORIGIN(natural)+SILV_STATE(baseline)+RETENTION(0.99)
187,1.0 x 0+treatment()+AU(985502008)+IFM(managed)+ORIGIN(planted)+SILV_STATE(cc_pl)+RETENTION(0.99)
188,1.0 x 0+treatment()+AU(985502004)+IFM(unmanaged)+ORIGIN(planted)+SILV_STATE(cc_pl)+RETENTION(0.882185468875652)
189,1.0 x 0+treatment()+AU(985502004)+IFM(managed)+ORIGIN(planted)+SILV_STATE(cc_pl)+RETENTION(0.882185468875652)
190,1.0 x 0+treatment()+AU(985503000)+IFM(unmanaged)+ORIGIN(planted)+SILV_STATE(cc_pl)+RETENTION(0.051842828000545)
191,1.0 x 0+treatment()+AU(985503000)+IFM(managed)+ORIGIN(planted)+SILV_STATE(cc_pl)+RETENTION(0.051842828000545)
192,1.0 x 0+treatment()+AU(985503000)+IFM(managed)+ORIGIN(planted)+SILV_STATE(cc_pl_pct)+RETENTION(0.051842828000545)
193,1.0 x 0+treatment()+AU(985503000)+IFM(unmanaged)+ORIGIN(natural)+SILV_STATE(baseline)+RETENTION(0.442500513712955)
194,1.0 x 0+treatment()+AU(985503000)+IFM(managed)+ORIGIN(natural)+SILV_STATE(baseline)+RETENTION(0.442500513712955)
195,1.0 x 0+treatment()+AU(985503000)+IFM(managed)+ORIGIN(planted)+SILV_STATE(cc_pl)+RETENTION(0.442500513712955)
196,1.0 x 0+treatment()+AU(985503000)+IFM(managed)+ORIGIN(planted)+SILV_STATE(cc_pl_pct)+RETENTION(0.442500513712955)
197,1.0 x 0+treatment()+AU(985501000)+IFM(unmanaged)+ORIGIN(planted)+SILV_STATE(cc_pl)+RETENTION(0.648827333101125)
198,1.0 x 0+treatment()+AU(985501000)+IFM(managed)+ORIGIN(planted)+SILV_STATE(cc_pl)+RETENTION(0.648827333101125)
199,1.0 x 0+treatment()+AU(985503001)+IFM(unmanaged)+ORIGIN(planted)+SILV_STATE(cc_pl)+RETENTION(0.144428337899884)
200,1.0 x 0+treatment()+AU(985503001)+IFM(managed)+ORIGIN(planted)+SILV_STATE(cc_pl)+RETENTION(0.144428337899884)
201,1.0 x 0+treatment()+AU(985503001)+IFM(managed)+ORIGIN(planted)+SILV_STATE(cc_pl_pct)+RETENTION(0.144428337899884)
202,1.0 x 0+treatment()+AU(985502003)+IFM(unmanaged)+ORIGIN(natural)+SILV_STATE(baseline)+RETENTION(0.404335644977407)
203,1.0 x 0+treatment()+AU(985502003)+IFM(managed)+ORIGIN(natural)+SILV_STATE(baseline)+RETENTION(0.404335644977407)
204,1.0 x 0+treatment()+AU(985502003)+IFM(managed)+ORIGIN(planted)+SILV_STATE(cc_pl)+RETENTION(0.404335644977407)
205,1.0 x 0+treatment()+AU(985501003)+IFM(unmanaged)+ORIGIN(natural)+SILV_STATE(baseline)+RETENTION(1.0)
206,1.0 x 0+treatment()+AU(985503000)+IFM(unmanaged)+ORIGIN(planted)+SILV_STATE(cc_pl)+RETENTION(0.149568075902232)
207,1.0 x 0+treatment()+AU(985503000)+IFM(managed)+ORIGIN(planted)+SILV_STATE(cc_pl)+RETENTION(0.149568075902232)
208,1.0 x 0+treatment()+AU(985503000)+IFM(managed)+ORIGIN(planted)+SILV_STATE(cc_pl_pct)+RETENTION(0.149568075902232)
209,1.0 x 0+treatment()+AU(985502001)+IFM(unmanaged)+ORIGIN(planted)+SILV_STATE(cc_pl)+RETENTION(0.046376978165406)
210,1.0 x 0+treatment()+AU(985502001)+IFM(managed)+ORIGIN(planted)+SILV_STATE(cc_pl)+RETENTION(0.046376978165406)
211,1.0 x 0+treatment()+AU(985502001)+IFM(managed)+ORIGIN(planted)+SILV_STATE(cc_pl_pct)+RETENTION(0.046376978165406)
212,1.0 x 0+treatment()+AU(985502004)+IFM(unmanaged)+ORIGIN(planted)+SILV_STATE(cc_pl)+RETENTION(0.661131377675157)
213,1.0 x 0+treatment()+AU(985502004)+IFM(managed)+ORIGIN(planted)+SILV_STATE(cc_pl)+RETENTION(0.661131377675157)
214,1.0 x 0+treatment()+AU(985503003)+IFM(unmanaged)+ORIGIN(natural)+SILV_STATE(baseline)+RETENTION(0.494232493334407)
215,1.0 x 0+treatment()+AU(985503003)+IFM(managed)+ORIGIN(natural)+SILV_STATE(baseline)+RETENTION(0.494232493334407)
216,1.0 x 0+treatment()+AU(985503003)+IFM(managed)+ORIGIN(planted)+SILV_STATE(cc_pl)+RETENTION(0.494232493334407)
217,1.0 x 0+treatment()+AU(985503000)+IFM(unmanaged)+ORIGIN(planted)+SILV_STATE(cc_pl)+RETENTION(0.937094606722601)
218,1.0 x 0+treatment()+AU(985503000)+IFM(managed)+ORIGIN(planted)+SILV_STATE(cc_pl)+RETENTION(0.937094606722601)
219,1.0 x 0+treatment()+AU(985503000)+IFM(managed)+ORIGIN(planted)+SILV_STATE(cc_pl_pct)+RETENTION(0.937094606722601)
220,1.0 x 0+treatment()+AU(985503003)+IFM(unmanaged)+ORIGIN(planted)+SILV_STATE(cc_pl)+RETENTION(0.044747027281018)
221,1.0 x 0+treatment()+AU(985503003)+IFM(managed)+ORIGIN(planted)+SILV_STATE(cc_pl)+RETENTION(0.044747027281018)
222,1.0 x 0+treatment()+AU(985503001)+IFM(unmanaged)+ORIGIN(planted)+SILV_STATE(cc_pl)+RETENTION(0.072316093064927)
223,1.0 x 0+treatment()+AU(985503001)+IFM(managed)+ORIGIN(planted)+SILV_STATE(cc_pl)+RETENTION(0.072316093064927)
224,1.0 x 0+treatment()+AU(985503001)+IFM(managed)+ORIGIN(planted)+SILV_STATE(cc_pl_pct)+RETENTION(0.072316093064927)
225,1.0 x 0+treatment()+AU(985503000)+IFM(unmanaged)+ORIGIN(planted)+SILV_STATE(cc_pl)+RETENTION(0.374414632392907)
226,1.0 x 0+treatment()+AU(985503000)+IFM(managed)+ORIGIN(planted)+SILV_STATE(cc_pl)+RETENTION(0.374414632392907)
227,1.0 x 0+treatment()+AU(985503000)+IFM(managed)+ORIGIN(planted)+SILV_STATE(cc_pl_pct)+RETENTION(0.374414632392907)
228,1.0 x 0+treatment()+AU(985501001)+IFM(unmanaged)+ORIGIN(natural)+SILV_STATE(baseline)+RETENTION(0.035)
229,1.0 x 0+treatment()+AU(985501001)+IFM(managed)+ORIGIN(natural)+SILV_STATE(baseline)+RETENTION(0.035)
230,1.0 x 0+treatment()+AU(985501001)+IFM(unmanaged)+ORIGIN(natural)+SILV_STATE(baseline)+RETENTION(0.083839292567014)
231,1.0 x 0+treatment()+AU(985501001)+IFM(managed)+ORIGIN(natural)+SILV_STATE(baseline)+RETENTION(0.083839292567014)
232,1.0 x 0+treatment()+AU(985501001)+IFM(managed)+ORIGIN(planted)+SILV_STATE(cc_pl)+RETENTION(0.083839292567014)
233,1.0 x 0+treatment()+AU(985503000)+IFM(unmanaged)+ORIGIN(natural)+SILV_STATE(baseline)+RETENTION(0.207666800176193)
234,1.0 x 0+treatment()+AU(985503000)+IFM(managed)+ORIGIN(natural)+SILV_STATE(baseline)+RETENTION(0.207666800176193)
235,1.0 x 0+treatment()+AU(985503000)+IFM(managed)+ORIGIN(planted)+SILV_STATE(cc_pl)+RETENTION(0.207666800176193)
236,1.0 x 0+treatment()+AU(985503000)+IFM(managed)+ORIGIN(planted)+SILV_STATE(cc_pl_pct)+RETENTION(0.207666800176193)
237,1.0 x 0+treatment()+AU(985502004)+IFM(unmanaged)+ORIGIN(planted)+SILV_STATE(cc_pl)+RETENTION(0.688008632091097)
238,1.0 x 0+treatment()+AU(985502004)+IFM(managed)+ORIGIN(planted)+SILV_STATE(cc_pl)+RETENTION(0.688008632091097)
239,1.0 x 0+treatment()+AU(985503001)+IFM(unmanaged)+ORIGIN(planted)+SILV_STATE(cc_pl)+RETENTION(0.346509070480962)
240,1.0 x 0+treatment()+AU(985503001)+IFM(managed)+ORIGIN(planted)+SILV_STATE(cc_pl)+RETENTION(0.346509070480962)
241,1.0 x 0+treatment()+AU(985503001)+IFM(managed)+ORIGIN(planted)+SILV_STATE(cc_pl_pct)+RETENTION(0.346509070480962)
242,1.0 x 0+treatment()+AU(985503000)+IFM(unmanaged)+ORIGIN(planted)+SILV_STATE(cc_pl)+RETENTION(0.153269833161428)
243,1.0 x 0+treatment()+AU(985503000)+IFM(managed)+ORIGIN(planted)+SILV_STATE(cc_pl)+RETENTION(0.153269833161428)
244,1.0 x 0+treatment()+AU(985503000)+IFM(managed)+ORIGIN(planted)+SILV_STATE(cc_pl_pct)+RETENTION(0.153269833161428)
245,1.0 x 0+treatment()+AU(985502003)+IFM(unmanaged)+ORIGIN(planted)+SILV_STATE(cc_pl)+RETENTION(0.314062835092469)
246,1.0 x 0+treatment()+AU(985502003)+IFM(managed)+ORIGIN(planted)+SILV_STATE(cc_pl)+RETENTION(0.314062835092469)
247,1.0 x 0+treatment()+AU(985502004)+IFM(unmanaged)+ORIGIN(planted)+SILV_STATE(cc_pl)+RETENTION(0.270071285180665)
248,1.0 x 0+treatment()+AU(985502004)+IFM(managed)+ORIGIN(planted)+SILV_STATE(cc_pl)+RETENTION(0.270071285180665)
249,1.0 x 0+treatment()+AU(985502002)+IFM(unmanaged)+ORIGIN(natural)+SILV_STATE(baseline)+RETENTION(0.811866701682445)
250,1.0 x 0+treatment()+AU(985502002)+IFM(managed)+ORIGIN(natural)+SILV_STATE(baseline)+RETENTION(0.811866701682445)
251,1.0 x 0+treatment()+AU(985502002)+IFM(managed)+ORIGIN(planted)+SILV_STATE(cc_pl)+RETENTION(0.811866701682445)
252,1.0 x 0+treatment()+AU(985503003)+IFM(unmanaged)+ORIGIN(natural)+SILV_STATE(baseline)+RETENTION(0.087739129426273)
253,1.0 x 0+treatment()+AU(985503003)+IFM(managed)+ORIGIN(natural)+SILV_STATE(baseline)+RETENTION(0.087739129426273)
254,1.0 x 0+treatment()+AU(985503003)+IFM(managed)+ORIGIN(planted)+SILV_STATE(cc_pl)+RETENTION(0.087739129426273)
255,1.0 x 0+treatment()+AU(985502004)+IFM(unmanaged)+ORIGIN(planted)+SILV_STATE(cc_pl)+RETENTION(0.576205377358853)
256,1.0 x 0+treatment()+AU(985502004)+IFM(managed)+ORIGIN(planted)+SILV_STATE(cc_pl)+RETENTION(0.576205377358853)
257,1.0 x 0+treatment()+AU(985501000)+IFM(unmanaged)+ORIGIN(natural)+SILV_STATE(baseline)+RETENTION(0.228867422610761)
258,1.0 x 0+treatment()+AU(985501000)+IFM(managed)+ORIGIN(natural)+SILV_STATE(baseline)+RETENTION(0.228867422610761)
259,1.0 x 0+treatment()+AU(985501000)+IFM(managed)+ORIGIN(planted)+SILV_STATE(cc_pl)+RETENTION(0.228867422610761)
260,1.0 x 0+treatment()+AU(985502005)+IFM(unmanaged)+ORIGIN(natural)+SILV_STATE(baseline)+RETENTION(0.28031497264675)
261,1.0 x 0+treatment()+AU(985502005)+IFM(managed)+ORIGIN(natural)+SILV_STATE(baseline)+RETENTION(0.28031497264675)
262,1.0 x 0+treatment()+AU(985502005)+IFM(managed)+ORIGIN(planted)+SILV_STATE(cc_pl)+RETENTION(0.28031497264675)
263,1.0 x 0+treatment()+AU(985503003)+IFM(unmanaged)+ORIGIN(natural)+SILV_STATE(baseline)+RETENTION(0.144298309458217)
264,1.0 x 0+treatment()+AU(985503003)+IFM(managed)+ORIGIN(natural)+SILV_STATE(baseline)+RETENTION(0.144298309458217)
265,1.0 x 0+treatment()+AU(985503003)+IFM(managed)+ORIGIN(planted)+SILV_STATE(cc_pl)+RETENTION(0.144298309458217)
266,1.0 x 0+treatment()+AU(985502007)+IFM(unmanaged)+ORIGIN(natural)+SILV_STATE(baseline)+RETENTION(0.140458869078009)
267,1.0 x 0+treatment()+AU(985502007)+IFM(managed)+ORIGIN(natural)+SILV_STATE(baseline)+RETENTION(0.140458869078009)
268,1.0 x 0+treatment()+AU(985502007)+IFM(managed)+ORIGIN(planted)+SILV_STATE(cc_pl)+RETENTION(0.140458869078009)
269,1.0 x 0+treatment()+AU(985502006)+IFM(unmanaged)+ORIGIN(natural)+SILV_STATE(baseline)+RETENTION(0.99)
270,1.0 x 0+treatment()+AU(985502006)+IFM(managed)+ORIGIN(natural)+SILV_STATE(baseline)+RETENTION(0.99)
271,1.0 x 0+treatment()+AU(985502006)+IFM(managed)+ORIGIN(planted)+SILV_STATE(cc_pl)+RETENTION(0.99)
272,1.0 x 0+treatment()+AU(985502007)+IFM(unmanaged)+ORIGIN(natural)+SILV_STATE(baseline)+RETENTION(0.180154264313365)
273,1.0 x 0+treatment()+AU(985502007)+IFM(managed)+ORIGIN(natural)+SILV_STATE(baseline)+RETENTION(0.180154264313365)
274,1.0 x 0+treatment()+AU(985502007)+IFM(managed)+ORIGIN(planted)+SILV_STATE(cc_pl)+RETENTION(0.180154264313365)
275,1.0 x 0+treatment()+AU(985503001)+IFM(unmanaged)+ORIGIN(planted)+SILV_STATE(cc_pl)+RETENTION(0.052357027640407)
276,1.0 x 0+treatment()+AU(985503001)+IFM(managed)+ORIGIN(planted)+SILV_STATE(cc_pl)+RETENTION(0.052357027640407)
277,1.0 x 0+treatment()+AU(985503001)+IFM(managed)+ORIGIN(planted)+SILV_STATE(cc_pl_pct)+RETENTION(0.052357027640407)
278,1.0 x 0+treatment()+AU(985501000)+IFM(unmanaged)+ORIGIN(planted)+SILV_STATE(cc_pl)+RETENTION(0.574279042279409)
279,1.0 x 0+treatment()+AU(985501000)+IFM(managed)+ORIGIN(planted)+SILV_STATE(cc_pl)+RETENTION(0.574279042279409)
280,1.0 x 0+treatment()+AU(985501000)+IFM(unmanaged)+ORIGIN(natural)+SILV_STATE(baseline)+RETENTION(0.112373765353201)
281,1.0 x 0+treatment()+AU(985501000)+IFM(managed)+ORIGIN(natural)+SILV_STATE(baseline)+RETENTION(0.112373765353201)
282,1.0 x 0+treatment()+AU(985501000)+IFM(managed)+ORIGIN(planted)+SILV_STATE(cc_pl)+RETENTION(0.112373765353201)
283,1.0 x 0+treatment()+AU(985501001)+IFM(unmanaged)+ORIGIN(natural)+SILV_STATE(baseline)+RETENTION(0.448147897409673)
284,1.0 x 0+treatment()+AU(985501001)+IFM(managed)+ORIGIN(natural)+SILV_STATE(baseline)+RETENTION(0.448147897409673)
285,1.0 x 0+treatment()+AU(985501001)+IFM(managed)+ORIGIN(planted)+SILV_STATE(cc_pl)+RETENTION(0.448147897409673)
286,1.0 x 0+treatment()+AU(985503000)+IFM(unmanaged)+ORIGIN(natural)+SILV_STATE(baseline)+RETENTION(0.073003775770929)
287,1.0 x 0+treatment()+AU(985503000)+IFM(managed)+ORIGIN(natural)+SILV_STATE(baseline)+RETENTION(0.073003775770929)
288,1.0 x 0+treatment()+AU(985503000)+IFM(managed)+ORIGIN(planted)+SILV_STATE(cc_pl)+RETENTION(0.073003775770929)
289,1.0 x 0+treatment()+AU(985503000)+IFM(managed)+ORIGIN(planted)+SILV_STATE(cc_pl_pct)+RETENTION(0.073003775770929)
290,1.0 x 0+treatment()+AU(985502005)+IFM(unmanaged)+ORIGIN(planted)+SILV_STATE(cc_pl)+RETENTION(0.035)
291,1.0 x 0+treatment()+AU(985502005)+IFM(managed)+ORIGIN(planted)+SILV_STATE(cc_pl)+RETENTION(0.035)
292,1.0 x 0+treatment()+AU(985502003)+IFM(unmanaged)+ORIGIN(natural)+SILV_STATE(baseline)+RETENTION(0.197818404376291)
293,1.0 x 0+treatment()+AU(985502003)+IFM(managed)+ORIGIN(natural)+SILV_STATE(baseline)+RETENTION(0.197818404376291)
294,1.0 x 0+treatment()+AU(985502003)+IFM(managed)+ORIGIN(planted)+SILV_STATE(cc_pl)+RETENTION(0.197818404376291)
295,1.0 x 0+treatment()+AU(985503003)+IFM(unmanaged)+ORIGIN(natural)+SILV_STATE(baseline)+RETENTION(0.055424831392087)
296,1.0 x 0+treatment()+AU(985503003)+IFM(managed)+ORIGIN(natural)+SILV_STATE(baseline)+RETENTION(0.055424831392087)
297,1.0 x 0+treatment()+AU(985503003)+IFM(managed)+ORIGIN(planted)+SILV_STATE(cc_pl)+RETENTION(0.055424831392087)
298,1.0 x 0+treatment()+AU(985501000)+IFM(unmanaged)+ORIGIN(planted)+SILV_STATE(cc_pl)+RETENTION(0.117160185966314)
299,1.0 x 0+treatment()+AU(985501000)+IFM(managed)+ORIGIN(planted)+SILV_STATE(cc_pl)+RETENTION(0.117160185966314)
300,1.0 x 0+treatment()+AU(985502004)+IFM(unmanaged)+ORIGIN(planted)+SILV_STATE(cc_pl)+RETENTION(0.035)
301,1.0 x 0+treatment()+AU(985502004)+IFM(managed)+ORIGIN(planted)+SILV_STATE(cc_pl)+RETENTION(0.035)
302,1.0 x 0+treatment()+AU(985501000)+IFM(unmanaged)+ORIGIN(natural)+SILV_STATE(baseline)+RETENTION(0.309982310881903)
303,1.0 x 0+treatment()+AU(985501000)+IFM(managed)+ORIGIN(natural)+SILV_STATE(baseline)+RETENTION(0.309982310881903)
304,1.0 x 0+treatment()+AU(985501000)+IFM(managed)+ORIGIN(planted)+SILV_STATE(cc_pl)+RETENTION(0.309982310881903)
305,1.0 x 0+treatment()+AU(985503000)+IFM(unmanaged)+ORIGIN(planted)+SILV_STATE(cc_pl)+RETENTION(0.069926054133852)
306,1.0 x 0+treatment()+AU(985503000)+IFM(managed)+ORIGIN(planted)+SILV_STATE(cc_pl)+RETENTION(0.069926054133852)
307,1.0 x 0+treatment()+AU(985503000)+IFM(managed)+ORIGIN(planted)+SILV_STATE(cc_pl_pct)+RETENTION(0.069926054133852)
308,1.0 x 0+treatment()+AU(985503000)+IFM(unmanaged)+ORIGIN(planted)+SILV_STATE(cc_pl)+RETENTION(0.076384733315972)
309,1.0 x 0+treatment()+AU(985503000)+IFM(managed)+ORIGIN(planted)+SILV_STATE(cc_pl)+RETENTION(0.076384733315972)
310,1.0 x 0+treatment()+AU(985503000)+IFM(managed)+ORIGIN(planted)+SILV_STATE(cc_pl_pct)+RETENTION(0.076384733315972)
311,1.0 x 0+treatment()+AU(985501000)+IFM(unmanaged)+ORIGIN(natural)+SILV_STATE(baseline)+RETENTION(0.257208353638426)
312,1.0 x 0+treatment()+AU(985501000)+IFM(managed)+ORIGIN(natural)+SILV_STATE(baseline)+RETENTION(0.257208353638426)
313,1.0 x 0+treatment()+AU(985501000)+IFM(managed)+ORIGIN(planted)+SILV_STATE(cc_pl)+RETENTION(0.257208353638426)
314,1.0 x 0+treatment()+AU(985502005)+IFM(unmanaged)+ORIGIN(planted)+SILV_STATE(cc_pl)+RETENTION(0.793822489716033)
315,1.0 x 0+treatment()+AU(985502005)+IFM(managed)+ORIGIN(planted)+SILV_STATE(cc_pl)+RETENTION(0.793822489716033)
316,1.0 x 0+treatment()+AU(985502001)+IFM(unmanaged)+ORIGIN(planted)+SILV_STATE(cc_pl)+RETENTION(0.103674899822976)
317,1.0 x 0+treatment()+AU(985502001)+IFM(managed)+ORIGIN(planted)+SILV_STATE(cc_pl)+RETENTION(0.103674899822976)
318,1.0 x 0+treatment()+AU(985502001)+IFM(managed)+ORIGIN(planted)+SILV_STATE(cc_pl_pct)+RETENTION(0.103674899822976)
319,1.0 x 0+treatment()+AU(985503000)+IFM(unmanaged)+ORIGIN(planted)+SILV_STATE(cc_pl)+RETENTION(0.057265426181755)
320,1.0 x 0+treatment()+AU(985503000)+IFM(managed)+ORIGIN(planted)+SILV_STATE(cc_pl)+RETENTION(0.057265426181755)
321,1.0 x 0+treatment()+AU(985503000)+IFM(managed)+ORIGIN(planted)+SILV_STATE(cc_pl_pct)+RETENTION(0.057265426181755)
322,1.0 x 0+treatment()+AU(985503000)+IFM(unmanaged)+ORIGIN(planted)+SILV_STATE(cc_pl)+RETENTION(0.161721782385957)
323,1.0 x 0+treatment()+AU(985503000)+IFM(managed)+ORIGIN(planted)+SILV_STATE(cc_pl)+RETENTION(0.161721782385957)
324,1.0 x 0+treatment()+AU(985503000)+IFM(managed)+ORIGIN(planted)+SILV_STATE(cc_pl_pct)+RETENTION(0.161721782385957)
325,1.0 x 0+treatment()+AU(985503001)+IFM(unmanaged)+ORIGIN(natural)+SILV_STATE(baseline)+RETENTION(0.035)
326,1.0 x 0+treatment()+AU(985503001)+IFM(managed)+ORIGIN(natural)+SILV_STATE(baseline)+RETENTION(0.035)
327,1.0 x 0+treatment()+AU(985503000)+IFM(unmanaged)+ORIGIN(natural)+SILV_STATE(baseline)+RETENTION(0.211048640449287)
328,1.0 x 0+treatment()+AU(985503000)+IFM(managed)+ORIGIN(natural)+SILV_STATE(baseline)+RETENTION(0.211048640449287)
329,1.0 x 0+treatment()+AU(985503000)+IFM(managed)+ORIGIN(planted)+SILV_STATE(cc_pl)+RETENTION(0.211048640449287)
330,1.0 x 0+treatment()+AU(985503000)+IFM(managed)+ORIGIN(planted)+SILV_STATE(cc_pl_pct)+RETENTION(0.211048640449287)
331,1.0 x 0+treatment()+AU(985501001)+IFM(unmanaged)+ORIGIN(planted)+SILV_STATE(cc_pl)+RETENTION(0.492819712944452)
332,1.0 x 0+treatment()+AU(985501001)+IFM(managed)+ORIGIN(planted)+SILV_STATE(cc_pl)+RETENTION(0.492819712944452)
333,1.0 x 0+treatment()+AU(985503001)+IFM(unmanaged)+ORIGIN(planted)+SILV_STATE(cc_pl)+RETENTION(0.366819716152041)
334,1.0 x 0+treatment()+AU(985503001)+IFM(managed)+ORIGIN(planted)+SILV_STATE(cc_pl)+RETENTION(0.366819716152041)
335,1.0 x 0+treatment()+AU(985503001)+IFM(managed)+ORIGIN(planted)+SILV_STATE(cc_pl_pct)+RETENTION(0.366819716152041)
336,1.0 x 0+treatment()+AU(985501000)+IFM(unmanaged)+ORIGIN(planted)+SILV_STATE(cc_pl)+RETENTION(0.05468673168752)
337,1.0 x 0+treatment()+AU(985501000)+IFM(managed)+ORIGIN(planted)+SILV_STATE(cc_pl)+RETENTION(0.05468673168752)
338,1.0 x 0+treatment()+AU(985502003)+IFM(unmanaged)+ORIGIN(natural)+SILV_STATE(baseline)+RETENTION(1.0)
339,1.0 x 0+treatment()+AU(985502003)+IFM(unmanaged)+ORIGIN(natural)+SILV_STATE(baseline)+RETENTION(0.611896918097674)
340,1.0 x 0+treatment()+AU(985502003)+IFM(managed)+ORIGIN(natural)+SILV_STATE(baseline)+RETENTION(0.611896918097674)
341,1.0 x 0+treatment()+AU(985502003)+IFM(managed)+ORIGIN(planted)+SILV_STATE(cc_pl)+RETENTION(0.611896918097674)
342,1.0 x 0+treatment()+AU(985503003)+IFM(unmanaged)+ORIGIN(natural)+SILV_STATE(baseline)+RETENTION(0.087430024345165)
343,1.0 x 0+treatment()+AU(985503003)+IFM(managed)+ORIGIN(natural)+SILV_STATE(baseline)+RETENTION(0.087430024345165)
344,1.0 x 0+treatment()+AU(985503003)+IFM(managed)+ORIGIN(planted)+SILV_STATE(cc_pl)+RETENTION(0.087430024345165)
345,1.0 x 0+treatment()+AU(985502001)+IFM(unmanaged)+ORIGIN(natural)+SILV_STATE(baseline)+RETENTION(0.421533607959446)
346,1.0 x 0+treatment()+AU(985502001)+IFM(managed)+ORIGIN(natural)+SILV_STATE(baseline)+RETENTION(0.421533607959446)
347,1.0 x 0+treatment()+AU(985502001)+IFM(managed)+ORIGIN(planted)+SILV_STATE(cc_pl)+RETENTION(0.421533607959446)
348,1.0 x 0+treatment()+AU(985502001)+IFM(managed)+ORIGIN(planted)+SILV_STATE(cc_pl_pct)+RETENTION(0.421533607959446)
349,1.0 x 0+treatment()+AU(985503000)+IFM(unmanaged)+ORIGIN(planted)+SILV_STATE(cc_pl)+RETENTION(0.044910862062989)
350,1.0 x 0+treatment()+AU(985503000)+IFM(managed)+ORIGIN(planted)+SILV_STATE(cc_pl)+RETENTION(0.044910862062989)
351,1.0 x 0+treatment()+AU(985503000)+IFM(managed)+ORIGIN(planted)+SILV_STATE(cc_pl_pct)+RETENTION(0.044910862062989)
