GROUP,ATTRIBUTE,ACCOUNT,SUM
_MANAGED_,feature.Area.managed,feature.Area.managed,1
_ALL_,feature.Area.og1.CWHvm_CW_HW_M,feature.Area.og1.CWHvm_CW_HW_M,1
_UNMANAGED_,feature.Area.og1.CWHvm_CW_PLC_M,feature.Area.og1.CWHvm_CW_PLC_M,1
_UNMANAGED_,feature.Area.og1.CWHvm_CW_YC_M,feature.Area.og1.CWHvm_CW_YC_M,1
_ALL_,feature.Area.og1.CWHvm_DR_HW_M,feature.Area.og1.CWHvm_DR_HW_M,1
_ALL_,feature.Area.og1.CWHvm_FDC_HW_H,feature.Area.og1.CWHvm_FDC_HW_H,1
_ALL_,feature.Area.og1.CWHvm_FDC_HW_L,feature.Area.og1.CWHvm_FDC_HW_L,1
_ALL_,feature.Area.og1.CWHvm_FDC_HW_M,feature.Area.og1.CWHvm_FDC_HW_M,1
_ALL_,feature.Area.og1.CWHvm_HW_BA_M,feature.Area.og1.CWHvm_HW_BA_M,1
_ALL_,feature.Area.og1.CWHvm_HW_CW_H,feature.Area.og1.CWHvm_HW_CW_H,1
_ALL_,feature.Area.og1.CWHvm_HW_CW_L,feature.Area.og1.CWHvm_HW_CW_L,1
_ALL_,feature.Area.og1.CWHvm_HW_CW_M,feature.Area.og1.CWHvm_HW_CW_M,1
_ALL_,feature.Area.og1.CWHvm_HW_FDC_H,feature.Area.og1.CWHvm_HW_FDC_H,1
_ALL_,feature.Area.og1.CWHvm_HW_FDC_L,feature.Area.og1.CWHvm_HW_FDC_L,1
_ALL_,feature.Area.og1.CWHvm_HW_SS_M,feature.Area.og1.CWHvm_HW_SS_M,1
_ALL_,feature.Area.og1.total,feature.Area.og1.total,1
_ALL_,feature.Area.og2.CWHvm_CW_HW_M,feature.Area.og2.CWHvm_CW_HW_M,1
_UNMANAGED_,feature.Area.og2.CWHvm_CW_PLC_M,feature.Area.og2.CWHvm_CW_PLC_M,1
_UNMANAGED_,feature.Area.og2.CWHvm_CW_YC_M,feature.Area.og2.CWHvm_CW_YC_M,1
_ALL_,feature.Area.og2.CWHvm_DR_HW_M,feature.Area.og2.CWHvm_DR_HW_M,1
_ALL_,feature.Area.og2.CWHvm_FDC_HW_H,feature.Area.og2.CWHvm_FDC_HW_H,1
_ALL_,feature.Area.og2.CWHvm_FDC_HW_L,feature.Area.og2.CWHvm_FDC_HW_L,1
_ALL_,feature.Area.og2.CWHvm_FDC_HW_M,feature.Area.og2.CWHvm_FDC_HW_M,1
_ALL_,feature.Area.og2.CWHvm_HW_BA_M,feature.Area.og2.CWHvm_HW_BA_M,1
_ALL_,feature.Area.og2.CWHvm_HW_CW_H,feature.Area.og2.CWHvm_HW_CW_H,1
_ALL_,feature.Area.og2.CWHvm_HW_CW_L,feature.Area.og2.CWHvm_HW_CW_L,1
_ALL_,feature.Area.og2.CWHvm_HW_CW_M,feature.Area.og2.CWHvm_HW_CW_M,1
_ALL_,feature.Area.og2.CWHvm_HW_FDC_H,feature.Area.og2.CWHvm_HW_FDC_H,1
_ALL_,feature.Area.og2.CWHvm_HW_FDC_L,feature.Area.og2.CWHvm_HW_FDC_L,1
_ALL_,feature.Area.og2.CWHvm_HW_SS_M,feature.Area.og2.CWHvm_HW_SS_M,1
_ALL_,feature.Area.og2.total,feature.Area.og2.total,1
_UNMANAGED_,feature.Area.unmanaged,feature.Area.unmanaged,1
_MANAGED_,feature.QMD.managed.CWHvm_CW_HW_M,feature.QMD.managed.CWHvm_CW_HW_M,1
_MANAGED_,feature.QMD.managed.CWHvm_DR_HW_M,feature.QMD.managed.CWHvm_DR_HW_M,1
_MANAGED_,feature.QMD.managed.CWHvm_FDC_HW_H,feature.QMD.managed.CWHvm_FDC_HW_H,1
_MANAGED_,feature.QMD.managed.CWHvm_FDC_HW_L,feature.QMD.managed.CWHvm_FDC_HW_L,1
_MANAGED_,feature.QMD.managed.CWHvm_FDC_HW_M,feature.QMD.managed.CWHvm_FDC_HW_M,1
_MANAGED_,feature.QMD.managed.CWHvm_HW_BA_M,feature.QMD.managed.CWHvm_HW_BA_M,1
_MANAGED_,feature.QMD.managed.CWHvm_HW_CW_H,feature.QMD.managed.CWHvm_HW_CW_H,1
_MANAGED_,feature.QMD.managed.CWHvm_HW_CW_L,feature.QMD.managed.CWHvm_HW_CW_L,1
_MANAGED_,feature.QMD.managed.CWHvm_HW_CW_M,feature.QMD.managed.CWHvm_HW_CW_M,1
_MANAGED_,feature.QMD.managed.CWHvm_HW_FDC_H,feature.QMD.managed.CWHvm_HW_FDC_H,1
_MANAGED_,feature.QMD.managed.CWHvm_HW_FDC_L,feature.QMD.managed.CWHvm_HW_FDC_L,1
_MANAGED_,feature.QMD.managed.CWHvm_HW_SS_M,feature.QMD.managed.CWHvm_HW_SS_M,1
_UNMANAGED_,feature.QMD.unmanaged.CWHvm_CW_HW_M,feature.QMD.unmanaged.CWHvm_CW_HW_M,1
_UNMANAGED_,feature.QMD.unmanaged.CWHvm_CW_PLC_M,feature.QMD.unmanaged.CWHvm_CW_PLC_M,1
_UNMANAGED_,feature.QMD.unmanaged.CWHvm_CW_YC_M,feature.QMD.unmanaged.CWHvm_CW_YC_M,1
_UNMANAGED_,feature.QMD.unmanaged.CWHvm_DR_HW_M,feature.QMD.unmanaged.CWHvm_DR_HW_M,1
_UNMANAGED_,feature.QMD.unmanaged.CWHvm_FDC_HW_H,feature.QMD.unmanaged.CWHvm_FDC_HW_H,1
_UNMANAGED_,feature.QMD.unmanaged.CWHvm_FDC_HW_L,feature.QMD.unmanaged.CWHvm_FDC_HW_L,1
_UNMANAGED_,feature.QMD.unmanaged.CWHvm_FDC_HW_M,feature.QMD.unmanaged.CWHvm_FDC_HW_M,1
_UNMANAGED_,feature.QMD.unmanaged.CWHvm_HW_BA_M,feature.QMD.unmanaged.CWHvm_HW_BA_M,1
_UNMANAGED_,feature.QMD.unmanaged.CWHvm_HW_CW_H,feature.QMD.unmanaged.CWHvm_HW_CW_H,1
_UNMANAGED_,feature.QMD.unmanaged.CWHvm_HW_CW_L,feature.QMD.unmanaged.CWHvm_HW_CW_L,1
_UNMANAGED_,feature.QMD.unmanaged.CWHvm_HW_CW_M,feature.QMD.unmanaged.CWHvm_HW_CW_M,1
_UNMANAGED_,feature.QMD.unmanaged.CWHvm_HW_FDC_H,feature.QMD.unmanaged.CWHvm_HW_FDC_H,1
_UNMANAGED_,feature.QMD.unmanaged.CWHvm_HW_FDC_L,feature.QMD.unmanaged.CWHvm_HW_FDC_L,1
_UNMANAGED_,feature.QMD.unmanaged.CWHvm_HW_SS_M,feature.QMD.unmanaged.CWHvm_HW_SS_M,1
_ALL_,feature.Seral.CWHvm_CW_HW_M.immature,feature.Seral.CWHvm_CW_HW_M.immature,1
_ALL_,feature.Seral.CWHvm_CW_HW_M.mature,feature.Seral.CWHvm_CW_HW_M.mature,1
_ALL_,feature.Seral.CWHvm_CW_HW_M.overmature,feature.Seral.CWHvm_CW_HW_M.overmature,1
_ALL_,feature.Seral.CWHvm_CW_HW_M.regenerating,feature.Seral.CWHvm_CW_HW_M.regenerating,1
_ALL_,feature.Seral.CWHvm_CW_HW_M.young,feature.Seral.CWHvm_CW_HW_M.young,1
_UNMANAGED_,feature.Seral.CWHvm_CW_PLC_M.immature,feature.Seral.CWHvm_CW_PLC_M.immature,1
_UNMANAGED_,feature.Seral.CWHvm_CW_PLC_M.mature,feature.Seral.CWHvm_CW_PLC_M.mature,1
_UNMANAGED_,feature.Seral.CWHvm_CW_PLC_M.overmature,feature.Seral.CWHvm_CW_PLC_M.overmature,1
_UNMANAGED_,feature.Seral.CWHvm_CW_PLC_M.regenerating,feature.Seral.CWHvm_CW_PLC_M.regenerating,1
_UNMANAGED_,feature.Seral.CWHvm_CW_PLC_M.young,feature.Seral.CWHvm_CW_PLC_M.young,1
_UNMANAGED_,feature.Seral.CWHvm_CW_YC_M.immature,feature.Seral.CWHvm_CW_YC_M.immature,1
_UNMANAGED_,feature.Seral.CWHvm_CW_YC_M.mature,feature.Seral.CWHvm_CW_YC_M.mature,1
_UNMANAGED_,feature.Seral.CWHvm_CW_YC_M.overmature,feature.Seral.CWHvm_CW_YC_M.overmature,1
_UNMANAGED_,feature.Seral.CWHvm_CW_YC_M.regenerating,feature.Seral.CWHvm_CW_YC_M.regenerating,1
_UNMANAGED_,feature.Seral.CWHvm_CW_YC_M.young,feature.Seral.CWHvm_CW_YC_M.young,1
_ALL_,feature.Seral.CWHvm_DR_HW_M.immature,feature.Seral.CWHvm_DR_HW_M.immature,1
_ALL_,feature.Seral.CWHvm_DR_HW_M.mature,feature.Seral.CWHvm_DR_HW_M.mature,1
_ALL_,feature.Seral.CWHvm_DR_HW_M.overmature,feature.Seral.CWHvm_DR_HW_M.overmature,1
_ALL_,feature.Seral.CWHvm_DR_HW_M.regenerating,feature.Seral.CWHvm_DR_HW_M.regenerating,1
_ALL_,feature.Seral.CWHvm_DR_HW_M.young,feature.Seral.CWHvm_DR_HW_M.young,1
_ALL_,feature.Seral.CWHvm_FDC_HW_H.immature,feature.Seral.CWHvm_FDC_HW_H.immature,1
_ALL_,feature.Seral.CWHvm_FDC_HW_H.mature,feature.Seral.CWHvm_FDC_HW_H.mature,1
_ALL_,feature.Seral.CWHvm_FDC_HW_H.overmature,feature.Seral.CWHvm_FDC_HW_H.overmature,1
_ALL_,feature.Seral.CWHvm_FDC_HW_H.regenerating,feature.Seral.CWHvm_FDC_HW_H.regenerating,1
_ALL_,feature.Seral.CWHvm_FDC_HW_H.young,feature.Seral.CWHvm_FDC_HW_H.young,1
_ALL_,feature.Seral.CWHvm_FDC_HW_L.immature,feature.Seral.CWHvm_FDC_HW_L.immature,1
_ALL_,feature.Seral.CWHvm_FDC_HW_L.mature,feature.Seral.CWHvm_FDC_HW_L.mature,1
_ALL_,feature.Seral.CWHvm_FDC_HW_L.overmature,feature.Seral.CWHvm_FDC_HW_L.overmature,1
_ALL_,feature.Seral.CWHvm_FDC_HW_L.regenerating,feature.Seral.CWHvm_FDC_HW_L.regenerating,1
_ALL_,feature.Seral.CWHvm_FDC_HW_L.young,feature.Seral.CWHvm_FDC_HW_L.young,1
_ALL_,feature.Seral.CWHvm_FDC_HW_M.immature,feature.Seral.CWHvm_FDC_HW_M.immature,1
_ALL_,feature.Seral.CWHvm_FDC_HW_M.mature,feature.Seral.CWHvm_FDC_HW_M.mature,1
_ALL_,feature.Seral.CWHvm_FDC_HW_M.overmature,feature.Seral.CWHvm_FDC_HW_M.overmature,1
_ALL_,feature.Seral.CWHvm_FDC_HW_M.regenerating,feature.Seral.CWHvm_FDC_HW_M.regenerating,1
_ALL_,feature.Seral.CWHvm_FDC_HW_M.young,feature.Seral.CWHvm_FDC_HW_M.young,1
_ALL_,feature.Seral.CWHvm_HW_BA_M.immature,feature.Seral.CWHvm_HW_BA_M.immature,1
_ALL_,feature.Seral.CWHvm_HW_BA_M.mature,feature.Seral.CWHvm_HW_BA_M.mature,1
_ALL_,feature.Seral.CWHvm_HW_BA_M.overmature,feature.Seral.CWHvm_HW_BA_M.overmature,1
_ALL_,feature.Seral.CWHvm_HW_BA_M.regenerating,feature.Seral.CWHvm_HW_BA_M.regenerating,1
_ALL_,feature.Seral.CWHvm_HW_BA_M.young,feature.Seral.CWHvm_HW_BA_M.young,1
_ALL_,feature.Seral.CWHvm_HW_CW_H.immature,feature.Seral.CWHvm_HW_CW_H.immature,1
_ALL_,feature.Seral.CWHvm_HW_CW_H.mature,feature.Seral.CWHvm_HW_CW_H.mature,1
_ALL_,feature.Seral.CWHvm_HW_CW_H.overmature,feature.Seral.CWHvm_HW_CW_H.overmature,1
_ALL_,feature.Seral.CWHvm_HW_CW_H.regenerating,feature.Seral.CWHvm_HW_CW_H.regenerating,1
_ALL_,feature.Seral.CWHvm_HW_CW_H.young,feature.Seral.CWHvm_HW_CW_H.young,1
_ALL_,feature.Seral.CWHvm_HW_CW_L.immature,feature.Seral.CWHvm_HW_CW_L.immature,1
_ALL_,feature.Seral.CWHvm_HW_CW_L.mature,feature.Seral.CWHvm_HW_CW_L.mature,1
_ALL_,feature.Seral.CWHvm_HW_CW_L.overmature,feature.Seral.CWHvm_HW_CW_L.overmature,1
_ALL_,feature.Seral.CWHvm_HW_CW_L.regenerating,feature.Seral.CWHvm_HW_CW_L.regenerating,1
_ALL_,feature.Seral.CWHvm_HW_CW_L.young,feature.Seral.CWHvm_HW_CW_L.young,1
_ALL_,feature.Seral.CWHvm_HW_CW_M.immature,feature.Seral.CWHvm_HW_CW_M.immature,1
_ALL_,feature.Seral.CWHvm_HW_CW_M.mature,feature.Seral.CWHvm_HW_CW_M.mature,1
_ALL_,feature.Seral.CWHvm_HW_CW_M.overmature,feature.Seral.CWHvm_HW_CW_M.overmature,1
_ALL_,feature.Seral.CWHvm_HW_CW_M.regenerating,feature.Seral.CWHvm_HW_CW_M.regenerating,1
_ALL_,feature.Seral.CWHvm_HW_CW_M.young,feature.Seral.CWHvm_HW_CW_M.young,1
_ALL_,feature.Seral.CWHvm_HW_FDC_H.immature,feature.Seral.CWHvm_HW_FDC_H.immature,1
_ALL_,feature.Seral.CWHvm_HW_FDC_H.mature,feature.Seral.CWHvm_HW_FDC_H.mature,1
_ALL_,feature.Seral.CWHvm_HW_FDC_H.overmature,feature.Seral.CWHvm_HW_FDC_H.overmature,1
_ALL_,feature.Seral.CWHvm_HW_FDC_H.regenerating,feature.Seral.CWHvm_HW_FDC_H.regenerating,1
_ALL_,feature.Seral.CWHvm_HW_FDC_H.young,feature.Seral.CWHvm_HW_FDC_H.young,1
_ALL_,feature.Seral.CWHvm_HW_FDC_L.immature,feature.Seral.CWHvm_HW_FDC_L.immature,1
_ALL_,feature.Seral.CWHvm_HW_FDC_L.mature,feature.Seral.CWHvm_HW_FDC_L.mature,1
_ALL_,feature.Seral.CWHvm_HW_FDC_L.overmature,feature.Seral.CWHvm_HW_FDC_L.overmature,1
_ALL_,feature.Seral.CWHvm_HW_FDC_L.regenerating,feature.Seral.CWHvm_HW_FDC_L.regenerating,1
_ALL_,feature.Seral.CWHvm_HW_FDC_L.young,feature.Seral.CWHvm_HW_FDC_L.young,1
_ALL_,feature.Seral.CWHvm_HW_SS_M.immature,feature.Seral.CWHvm_HW_SS_M.immature,1
_ALL_,feature.Seral.CWHvm_HW_SS_M.mature,feature.Seral.CWHvm_HW_SS_M.mature,1
_ALL_,feature.Seral.CWHvm_HW_SS_M.overmature,feature.Seral.CWHvm_HW_SS_M.overmature,1
_ALL_,feature.Seral.CWHvm_HW_SS_M.regenerating,feature.Seral.CWHvm_HW_SS_M.regenerating,1
_ALL_,feature.Seral.CWHvm_HW_SS_M.young,feature.Seral.CWHvm_HW_SS_M.young,1
_ALL_,feature.Seral.immature,feature.Seral.immature,1
_ALL_,feature.Seral.mature,feature.Seral.mature,1
_ALL_,feature.Seral.overmature,feature.Seral.overmature,1
_ALL_,feature.Seral.regenerating,feature.Seral.regenerating,1
_ALL_,feature.Seral.young,feature.Seral.young,1
_MANAGED_,feature.SpeciesProp.managed.BA,feature.SpeciesProp.managed.BA,1
_MANAGED_,feature.SpeciesProp.managed.CW,feature.SpeciesProp.managed.CW,1
_MANAGED_,feature.SpeciesProp.managed.DR,feature.SpeciesProp.managed.DR,1
_MANAGED_,feature.SpeciesProp.managed.FDC,feature.SpeciesProp.managed.FDC,1
_MANAGED_,feature.SpeciesProp.managed.HW,feature.SpeciesProp.managed.HW,1
_MANAGED_,feature.SpeciesProp.managed.PL,feature.SpeciesProp.managed.PL,1
_MANAGED_,feature.SpeciesProp.managed.PLC,feature.SpeciesProp.managed.PLC,1
_MANAGED_,feature.SpeciesProp.managed.SS,feature.SpeciesProp.managed.SS,1
_MANAGED_,feature.SpeciesProp.managed.YC,feature.SpeciesProp.managed.YC,1
_UNMANAGED_,feature.SpeciesProp.unmanaged.BA,feature.SpeciesProp.unmanaged.BA,1
_UNMANAGED_,feature.SpeciesProp.unmanaged.CW,feature.SpeciesProp.unmanaged.CW,1
_UNMANAGED_,feature.SpeciesProp.unmanaged.FDC,feature.SpeciesProp.unmanaged.FDC,1
_UNMANAGED_,feature.SpeciesProp.unmanaged.HW,feature.SpeciesProp.unmanaged.HW,1
_UNMANAGED_,feature.SpeciesProp.unmanaged.PLC,feature.SpeciesProp.unmanaged.PLC,1
_UNMANAGED_,feature.SpeciesProp.unmanaged.SS,feature.SpeciesProp.unmanaged.SS,1
_UNMANAGED_,feature.SpeciesProp.unmanaged.YC,feature.SpeciesProp.unmanaged.YC,1
_MANAGED_,feature.Yield.managed.BA,feature.Yield.managed.BA,1
_MANAGED_,feature.Yield.managed.CW,feature.Yield.managed.CW,1
_MANAGED_,feature.Yield.managed.FDC,feature.Yield.managed.FDC,1
_MANAGED_,feature.Yield.managed.HW,feature.Yield.managed.HW,1
_MANAGED_,feature.Yield.managed.SS,feature.Yield.managed.SS,1
_MANAGED_,feature.Yield.managed.Total,feature.Yield.managed.Total,1
_UNMANAGED_,feature.Yield.unmanaged.BA,feature.Yield.unmanaged.BA,1
_UNMANAGED_,feature.Yield.unmanaged.CW,feature.Yield.unmanaged.CW,1
_UNMANAGED_,feature.Yield.unmanaged.FDC,feature.Yield.unmanaged.FDC,1
_UNMANAGED_,feature.Yield.unmanaged.HW,feature.Yield.unmanaged.HW,1
_UNMANAGED_,feature.Yield.unmanaged.PLC,feature.Yield.unmanaged.PLC,1
_UNMANAGED_,feature.Yield.unmanaged.SS,feature.Yield.unmanaged.SS,1
_UNMANAGED_,feature.Yield.unmanaged.Total,feature.Yield.unmanaged.Total,1
_UNMANAGED_,feature.Yield.unmanaged.YC,feature.Yield.unmanaged.YC,1
_MANAGED_,product.HarvestedVolume.managed.BA.CC,product.HarvestedVolume.managed.BA.CC,1
_MANAGED_,product.HarvestedVolume.managed.CW.CC,product.HarvestedVolume.managed.CW.CC,1
_MANAGED_,product.HarvestedVolume.managed.CW.CT,product.HarvestedVolume.managed.CW.CT,1
_MANAGED_,product.HarvestedVolume.managed.FDC.CC,product.HarvestedVolume.managed.FDC.CC,1
_MANAGED_,product.HarvestedVolume.managed.FDC.CT,product.HarvestedVolume.managed.FDC.CT,1
_MANAGED_,product.HarvestedVolume.managed.HW.CC,product.HarvestedVolume.managed.HW.CC,1
_MANAGED_,product.HarvestedVolume.managed.HW.CT,product.HarvestedVolume.managed.HW.CT,1
_MANAGED_,product.HarvestedVolume.managed.SS.CC,product.HarvestedVolume.managed.SS.CC,1
_MANAGED_,product.HarvestedVolume.managed.Total.CC,product.HarvestedVolume.managed.Total.CC,1
_MANAGED_,product.HarvestedVolume.managed.Total.CT,product.HarvestedVolume.managed.Total.CT,1
_MANAGED_,product.QMDNumerator.managed.CWHvm_CW_HW_M.CC,product.QMDNumerator.managed.CWHvm_CW_HW_M.CC,1
_MANAGED_,product.QMDNumerator.managed.CWHvm_CW_HW_M.CT,product.QMDNumerator.managed.CWHvm_CW_HW_M.CT,1
_MANAGED_,product.QMDNumerator.managed.CWHvm_DR_HW_M.CC,product.QMDNumerator.managed.CWHvm_DR_HW_M.CC,1
_MANAGED_,product.QMDNumerator.managed.CWHvm_FDC_HW_H.CC,product.QMDNumerator.managed.CWHvm_FDC_HW_H.CC,1
_MANAGED_,product.QMDNumerator.managed.CWHvm_FDC_HW_H.CT,product.QMDNumerator.managed.CWHvm_FDC_HW_H.CT,1
_MANAGED_,product.QMDNumerator.managed.CWHvm_FDC_HW_L.CC,product.QMDNumerator.managed.CWHvm_FDC_HW_L.CC,1
_MANAGED_,product.QMDNumerator.managed.CWHvm_FDC_HW_L.CT,product.QMDNumerator.managed.CWHvm_FDC_HW_L.CT,1
_MANAGED_,product.QMDNumerator.managed.CWHvm_FDC_HW_M.CC,product.QMDNumerator.managed.CWHvm_FDC_HW_M.CC,1
_MANAGED_,product.QMDNumerator.managed.CWHvm_FDC_HW_M.CT,product.QMDNumerator.managed.CWHvm_FDC_HW_M.CT,1
_MANAGED_,product.QMDNumerator.managed.CWHvm_HW_BA_M.CC,product.QMDNumerator.managed.CWHvm_HW_BA_M.CC,1
_MANAGED_,product.QMDNumerator.managed.CWHvm_HW_CW_H.CC,product.QMDNumerator.managed.CWHvm_HW_CW_H.CC,1
_MANAGED_,product.QMDNumerator.managed.CWHvm_HW_CW_L.CC,product.QMDNumerator.managed.CWHvm_HW_CW_L.CC,1
_MANAGED_,product.QMDNumerator.managed.CWHvm_HW_CW_M.CC,product.QMDNumerator.managed.CWHvm_HW_CW_M.CC,1
_MANAGED_,product.QMDNumerator.managed.CWHvm_HW_FDC_H.CC,product.QMDNumerator.managed.CWHvm_HW_FDC_H.CC,1
_MANAGED_,product.QMDNumerator.managed.CWHvm_HW_FDC_L.CC,product.QMDNumerator.managed.CWHvm_HW_FDC_L.CC,1
_MANAGED_,product.QMDNumerator.managed.CWHvm_HW_SS_M.CC,product.QMDNumerator.managed.CWHvm_HW_SS_M.CC,1
_MANAGED_,product.Seral.area.immature.CWHvm_CW_HW_M.CC,product.Seral.area.immature.CWHvm_CW_HW_M.CC,1
_MANAGED_,product.Seral.area.immature.CWHvm_DR_HW_M.CC,product.Seral.area.immature.CWHvm_DR_HW_M.CC,1
_MANAGED_,product.Seral.area.immature.CWHvm_FDC_HW_H.CC,product.Seral.area.immature.CWHvm_FDC_HW_H.CC,1
_MANAGED_,product.Seral.area.immature.CWHvm_FDC_HW_L.CC,product.Seral.area.immature.CWHvm_FDC_HW_L.CC,1
_MANAGED_,product.Seral.area.immature.CWHvm_FDC_HW_M.CC,product.Seral.area.immature.CWHvm_FDC_HW_M.CC,1
_MANAGED_,product.Seral.area.immature.CWHvm_HW_BA_M.CC,product.Seral.area.immature.CWHvm_HW_BA_M.CC,1
_MANAGED_,product.Seral.area.immature.CWHvm_HW_CW_H.CC,product.Seral.area.immature.CWHvm_HW_CW_H.CC,1
_MANAGED_,product.Seral.area.immature.CWHvm_HW_CW_L.CC,product.Seral.area.immature.CWHvm_HW_CW_L.CC,1
_MANAGED_,product.Seral.area.immature.CWHvm_HW_CW_M.CC,product.Seral.area.immature.CWHvm_HW_CW_M.CC,1
_MANAGED_,product.Seral.area.immature.CWHvm_HW_FDC_H.CC,product.Seral.area.immature.CWHvm_HW_FDC_H.CC,1
_MANAGED_,product.Seral.area.immature.CWHvm_HW_FDC_L.CC,product.Seral.area.immature.CWHvm_HW_FDC_L.CC,1
_MANAGED_,product.Seral.area.immature.CWHvm_HW_SS_M.CC,product.Seral.area.immature.CWHvm_HW_SS_M.CC,1
_MANAGED_,product.Seral.area.mature.CWHvm_CW_HW_M.CC,product.Seral.area.mature.CWHvm_CW_HW_M.CC,1
_MANAGED_,product.Seral.area.mature.CWHvm_DR_HW_M.CC,product.Seral.area.mature.CWHvm_DR_HW_M.CC,1
_MANAGED_,product.Seral.area.mature.CWHvm_FDC_HW_H.CC,product.Seral.area.mature.CWHvm_FDC_HW_H.CC,1
_MANAGED_,product.Seral.area.mature.CWHvm_FDC_HW_L.CC,product.Seral.area.mature.CWHvm_FDC_HW_L.CC,1
_MANAGED_,product.Seral.area.mature.CWHvm_FDC_HW_M.CC,product.Seral.area.mature.CWHvm_FDC_HW_M.CC,1
_MANAGED_,product.Seral.area.mature.CWHvm_HW_BA_M.CC,product.Seral.area.mature.CWHvm_HW_BA_M.CC,1
_MANAGED_,product.Seral.area.mature.CWHvm_HW_CW_H.CC,product.Seral.area.mature.CWHvm_HW_CW_H.CC,1
_MANAGED_,product.Seral.area.mature.CWHvm_HW_CW_L.CC,product.Seral.area.mature.CWHvm_HW_CW_L.CC,1
_MANAGED_,product.Seral.area.mature.CWHvm_HW_CW_M.CC,product.Seral.area.mature.CWHvm_HW_CW_M.CC,1
_MANAGED_,product.Seral.area.mature.CWHvm_HW_FDC_H.CC,product.Seral.area.mature.CWHvm_HW_FDC_H.CC,1
_MANAGED_,product.Seral.area.mature.CWHvm_HW_FDC_L.CC,product.Seral.area.mature.CWHvm_HW_FDC_L.CC,1
_MANAGED_,product.Seral.area.mature.CWHvm_HW_SS_M.CC,product.Seral.area.mature.CWHvm_HW_SS_M.CC,1
_MANAGED_,product.Seral.area.overmature.CWHvm_CW_HW_M.CC,product.Seral.area.overmature.CWHvm_CW_HW_M.CC,1
_MANAGED_,product.Seral.area.overmature.CWHvm_DR_HW_M.CC,product.Seral.area.overmature.CWHvm_DR_HW_M.CC,1
_MANAGED_,product.Seral.area.overmature.CWHvm_FDC_HW_H.CC,product.Seral.area.overmature.CWHvm_FDC_HW_H.CC,1
_MANAGED_,product.Seral.area.overmature.CWHvm_FDC_HW_L.CC,product.Seral.area.overmature.CWHvm_FDC_HW_L.CC,1
_MANAGED_,product.Seral.area.overmature.CWHvm_FDC_HW_M.CC,product.Seral.area.overmature.CWHvm_FDC_HW_M.CC,1
_MANAGED_,product.Seral.area.overmature.CWHvm_HW_BA_M.CC,product.Seral.area.overmature.CWHvm_HW_BA_M.CC,1
_MANAGED_,product.Seral.area.overmature.CWHvm_HW_CW_H.CC,product.Seral.area.overmature.CWHvm_HW_CW_H.CC,1
_MANAGED_,product.Seral.area.overmature.CWHvm_HW_CW_L.CC,product.Seral.area.overmature.CWHvm_HW_CW_L.CC,1
_MANAGED_,product.Seral.area.overmature.CWHvm_HW_CW_M.CC,product.Seral.area.overmature.CWHvm_HW_CW_M.CC,1
_MANAGED_,product.Seral.area.overmature.CWHvm_HW_FDC_H.CC,product.Seral.area.overmature.CWHvm_HW_FDC_H.CC,1
_MANAGED_,product.Seral.area.overmature.CWHvm_HW_FDC_L.CC,product.Seral.area.overmature.CWHvm_HW_FDC_L.CC,1
_MANAGED_,product.Seral.area.overmature.CWHvm_HW_SS_M.CC,product.Seral.area.overmature.CWHvm_HW_SS_M.CC,1
_MANAGED_,product.Seral.area.regenerating.CWHvm_CW_HW_M.CC,product.Seral.area.regenerating.CWHvm_CW_HW_M.CC,1
_MANAGED_,product.Seral.area.regenerating.CWHvm_DR_HW_M.CC,product.Seral.area.regenerating.CWHvm_DR_HW_M.CC,1
_MANAGED_,product.Seral.area.regenerating.CWHvm_FDC_HW_H.CC,product.Seral.area.regenerating.CWHvm_FDC_HW_H.CC,1
_MANAGED_,product.Seral.area.regenerating.CWHvm_FDC_HW_L.CC,product.Seral.area.regenerating.CWHvm_FDC_HW_L.CC,1
_MANAGED_,product.Seral.area.regenerating.CWHvm_FDC_HW_M.CC,product.Seral.area.regenerating.CWHvm_FDC_HW_M.CC,1
_MANAGED_,product.Seral.area.regenerating.CWHvm_HW_BA_M.CC,product.Seral.area.regenerating.CWHvm_HW_BA_M.CC,1
_MANAGED_,product.Seral.area.regenerating.CWHvm_HW_CW_H.CC,product.Seral.area.regenerating.CWHvm_HW_CW_H.CC,1
_MANAGED_,product.Seral.area.regenerating.CWHvm_HW_CW_L.CC,product.Seral.area.regenerating.CWHvm_HW_CW_L.CC,1
_MANAGED_,product.Seral.area.regenerating.CWHvm_HW_CW_M.CC,product.Seral.area.regenerating.CWHvm_HW_CW_M.CC,1
_MANAGED_,product.Seral.area.regenerating.CWHvm_HW_FDC_H.CC,product.Seral.area.regenerating.CWHvm_HW_FDC_H.CC,1
_MANAGED_,product.Seral.area.regenerating.CWHvm_HW_FDC_L.CC,product.Seral.area.regenerating.CWHvm_HW_FDC_L.CC,1
_MANAGED_,product.Seral.area.regenerating.CWHvm_HW_SS_M.CC,product.Seral.area.regenerating.CWHvm_HW_SS_M.CC,1
_MANAGED_,product.Seral.area.young.CWHvm_CW_HW_M.CC,product.Seral.area.young.CWHvm_CW_HW_M.CC,1
_MANAGED_,product.Seral.area.young.CWHvm_DR_HW_M.CC,product.Seral.area.young.CWHvm_DR_HW_M.CC,1
_MANAGED_,product.Seral.area.young.CWHvm_FDC_HW_H.CC,product.Seral.area.young.CWHvm_FDC_HW_H.CC,1
_MANAGED_,product.Seral.area.young.CWHvm_FDC_HW_L.CC,product.Seral.area.young.CWHvm_FDC_HW_L.CC,1
_MANAGED_,product.Seral.area.young.CWHvm_FDC_HW_M.CC,product.Seral.area.young.CWHvm_FDC_HW_M.CC,1
_MANAGED_,product.Seral.area.young.CWHvm_HW_BA_M.CC,product.Seral.area.young.CWHvm_HW_BA_M.CC,1
_MANAGED_,product.Seral.area.young.CWHvm_HW_CW_H.CC,product.Seral.area.young.CWHvm_HW_CW_H.CC,1
_MANAGED_,product.Seral.area.young.CWHvm_HW_CW_L.CC,product.Seral.area.young.CWHvm_HW_CW_L.CC,1
_MANAGED_,product.Seral.area.young.CWHvm_HW_CW_M.CC,product.Seral.area.young.CWHvm_HW_CW_M.CC,1
_MANAGED_,product.Seral.area.young.CWHvm_HW_FDC_H.CC,product.Seral.area.young.CWHvm_HW_FDC_H.CC,1
_MANAGED_,product.Seral.area.young.CWHvm_HW_FDC_L.CC,product.Seral.area.young.CWHvm_HW_FDC_L.CC,1
_MANAGED_,product.Seral.area.young.CWHvm_HW_SS_M.CC,product.Seral.area.young.CWHvm_HW_SS_M.CC,1
_MANAGED_,product.SpeciesProp.managed.BA,product.SpeciesProp.managed.BA,1
_MANAGED_,product.SpeciesProp.managed.CW,product.SpeciesProp.managed.CW,1
_MANAGED_,product.SpeciesProp.managed.DR,product.SpeciesProp.managed.DR,1
_MANAGED_,product.SpeciesProp.managed.FDC,product.SpeciesProp.managed.FDC,1
_MANAGED_,product.SpeciesProp.managed.HW,product.SpeciesProp.managed.HW,1
_MANAGED_,product.SpeciesProp.managed.PL,product.SpeciesProp.managed.PL,1
_MANAGED_,product.SpeciesProp.managed.PLC,product.SpeciesProp.managed.PLC,1
_MANAGED_,product.SpeciesProp.managed.SS,product.SpeciesProp.managed.SS,1
_MANAGED_,product.SpeciesProp.managed.YC,product.SpeciesProp.managed.YC,1
_MANAGED_,product.Treated.managed.CC,product.Treated.managed.CC,1
_MANAGED_,product.Treated.managed.CT,product.Treated.managed.CT,1
_MANAGED_,product.Treated.managed.CWHvm_CW_HW_M.CC,product.Treated.managed.CWHvm_CW_HW_M.CC,1
_MANAGED_,product.Treated.managed.CWHvm_CW_HW_M.CT,product.Treated.managed.CWHvm_CW_HW_M.CT,1
_MANAGED_,product.Treated.managed.CWHvm_DR_HW_M.CC,product.Treated.managed.CWHvm_DR_HW_M.CC,1
_MANAGED_,product.Treated.managed.CWHvm_FDC_HW_H.CC,product.Treated.managed.CWHvm_FDC_HW_H.CC,1
_MANAGED_,product.Treated.managed.CWHvm_FDC_HW_H.CT,product.Treated.managed.CWHvm_FDC_HW_H.CT,1
_MANAGED_,product.Treated.managed.CWHvm_FDC_HW_L.CC,product.Treated.managed.CWHvm_FDC_HW_L.CC,1
_MANAGED_,product.Treated.managed.CWHvm_FDC_HW_L.CT,product.Treated.managed.CWHvm_FDC_HW_L.CT,1
_MANAGED_,product.Treated.managed.CWHvm_FDC_HW_M.CC,product.Treated.managed.CWHvm_FDC_HW_M.CC,1
_MANAGED_,product.Treated.managed.CWHvm_FDC_HW_M.CT,product.Treated.managed.CWHvm_FDC_HW_M.CT,1
_MANAGED_,product.Treated.managed.CWHvm_HW_BA_M.CC,product.Treated.managed.CWHvm_HW_BA_M.CC,1
_MANAGED_,product.Treated.managed.CWHvm_HW_CW_H.CC,product.Treated.managed.CWHvm_HW_CW_H.CC,1
_MANAGED_,product.Treated.managed.CWHvm_HW_CW_L.CC,product.Treated.managed.CWHvm_HW_CW_L.CC,1
_MANAGED_,product.Treated.managed.CWHvm_HW_CW_M.CC,product.Treated.managed.CWHvm_HW_CW_M.CC,1
_MANAGED_,product.Treated.managed.CWHvm_HW_FDC_H.CC,product.Treated.managed.CWHvm_HW_FDC_H.CC,1
_MANAGED_,product.Treated.managed.CWHvm_HW_FDC_L.CC,product.Treated.managed.CWHvm_HW_FDC_L.CC,1
_MANAGED_,product.Treated.managed.CWHvm_HW_SS_M.CC,product.Treated.managed.CWHvm_HW_SS_M.CC,1
_MANAGED_,product.Treated.managed.F1,product.Treated.managed.F1,1
_MANAGED_,product.Treated.managed.F2,product.Treated.managed.F2,1
_MANAGED_,product.Treated.managed.F3,product.Treated.managed.F3,1
_MANAGED_,product.Yield.managed.BA,product.Yield.managed.BA,1
_MANAGED_,product.Yield.managed.CW,product.Yield.managed.CW,1
_MANAGED_,product.Yield.managed.FDC,product.Yield.managed.FDC,1
_MANAGED_,product.Yield.managed.HW,product.Yield.managed.HW,1
_MANAGED_,product.Yield.managed.SS,product.Yield.managed.SS,1
_MANAGED_,product.Yield.managed.Total,product.Yield.managed.Total,1
